-- phpMyAdmin SQL Dump
-- version 4.5.1
-- http://www.phpmyadmin.net
--
-- Host: 127.0.0.1
-- Generation Time: Dec 09, 2016 at 03:19 PM
-- Server version: 10.1.13-MariaDB
-- PHP Version: 7.0.5

SET SQL_MODE = "NO_AUTO_VALUE_ON_ZERO";
SET time_zone = "+00:00";


/*!40101 SET @OLD_CHARACTER_SET_CLIENT=@@CHARACTER_SET_CLIENT */;
/*!40101 SET @OLD_CHARACTER_SET_RESULTS=@@CHARACTER_SET_RESULTS */;
/*!40101 SET @OLD_COLLATION_CONNECTION=@@COLLATION_CONNECTION */;
/*!40101 SET NAMES utf8mb4 */;

--
-- Database: `lab`
--
CREATE DATABASE IF NOT EXISTS `lab` DEFAULT CHARACTER SET latin1 COLLATE latin1_swedish_ci;
USE `lab`;

-- --------------------------------------------------------

--
-- Table structure for table `tb_nilai`
--

CREATE TABLE IF NOT EXISTS `tb_nilai` (
  `id_nilai` int(11) NOT NULL AUTO_INCREMENT,
  `id` int(11) NOT NULL COMMENT 'id user',
  `id_paket` int(11) NOT NULL,
  `nilai` int(3) NOT NULL,
  `tgl_coba` date NOT NULL,
  PRIMARY KEY (`id_nilai`)
) ENGINE=InnoDB AUTO_INCREMENT=16 DEFAULT CHARSET=latin1;

--
-- Dumping data for table `tb_nilai`
--

INSERT INTO `tb_nilai` (`id_nilai`, `id`, `id_paket`, `nilai`, `tgl_coba`) VALUES
(1, 2, 4, 90, '2016-12-11'),
(2, 10, 5, 90, '2016-12-21'),
(3, 2, 5, 5, '2016-12-07'),
(4, 2, 5, 3, '2016-12-07'),
(5, 2, 4, 2, '2016-12-07'),
(6, 2, 6, 35, '2016-12-07'),
(7, 2, 5, 0, '2016-12-07'),
(8, 2, 7, 20, '2016-12-07'),
(9, 12, 5, 0, '2016-12-07'),
(10, 12, 6, 5, '2016-12-07'),
(11, 12, 7, 3, '2016-12-07'),
(12, 2, 4, 3, '2016-12-08'),
(13, 14, 7, 5, '2016-12-08'),
(14, 14, 5, 0, '2016-12-08'),
(15, 14, 10, 100, '2016-12-08');

-- --------------------------------------------------------

--
-- Table structure for table `tb_paket`
--

CREATE TABLE IF NOT EXISTS `tb_paket` (
  `id_paket` int(11) NOT NULL AUTO_INCREMENT,
  `nama_soal` varchar(20) NOT NULL,
  `tahun_soal` varchar(4) NOT NULL,
  `waktu` int(3) NOT NULL,
  PRIMARY KEY (`id_paket`)
) ENGINE=InnoDB AUTO_INCREMENT=11 DEFAULT CHARSET=latin1;

--
-- Dumping data for table `tb_paket`
--

INSERT INTO `tb_paket` (`id_paket`, `nama_soal`, `tahun_soal`, `waktu`) VALUES
(4, 'Bahasa Indonesia', '2014', 120),
(5, 'Matematika', '2014', 1),
(6, 'IPA', '2015', 120),
(7, 'Matematika', '2015', 120),
(8, 'IPA', '2014', 120),
(9, 'Bahasa Indonesia', '2015', 120),
(10, 'Matematika', '2016', 1);

-- --------------------------------------------------------

--
-- Table structure for table `tb_pil`
--

CREATE TABLE IF NOT EXISTS `tb_pil` (
  `id_pil` int(11) NOT NULL AUTO_INCREMENT,
  `id_soal` int(11) NOT NULL,
  `pil` text NOT NULL,
  `benar` enum('0','1') NOT NULL,
  PRIMARY KEY (`id_pil`)
) ENGINE=InnoDB AUTO_INCREMENT=1650 DEFAULT CHARSET=latin1;

--
-- Dumping data for table `tb_pil`
--

INSERT INTO `tb_pil` (`id_pil`, `id_soal`, `pil`, `benar`) VALUES
(534, 121, 'Pengikatan karbon dioksida oleh tutup insang', '1'),
(535, 121, 'Pengikatan oksigen oleh hemoglobin darah ', '0'),
(536, 121, 'Pelepasan oksigen oleh hemoglobin darah ', '0'),
(537, 121, 'Pelepasan karbon dioksida oleh tutup insang ', '0'),
(542, 122, 'Warna gelap, mudah menyerap air, gembur, dan berasal dari pelapukan makhluk hidup ', '1'),
(543, 122, 'Warna cerah, menyerap air, tidak lengket, dan berbentuk butiran-butiran kasar ', '0'),
(544, 122, 'Warna gelap, mudah menyerap air, gembur, dan berasal dari letusan gunung berapi', '0'),
(545, 122, 'Warna cerah, sukar menyerap air, lengket, dan biasa di gunakan sebagai bahan keramik ', '0'),
(578, 102, 'Menjebak serangga untuk dimakan', '1'),
(579, 102, 'Menghasilkan cadangan makanan tumbuhan', '0'),
(580, 102, 'Mencegah hadirnya serangga pengganggu ', '0'),
(581, 102, 'Memikat serangga untuk membantu penyerbukan ', '0'),
(582, 103, 'Menyentuh, mencium bau, dan merasakan getaran bunyi ', '1'),
(583, 103, 'Melindungi diri dan memperindah bentuk tubuh ', '0'),
(584, 103, 'Menentukan jarak jauh dekatnya musuh lain', '0'),
(585, 103, 'Menangkap bunyi pantulan dari benda', '0'),
(586, 104, 'Cara menyimpan cadangan makanan', '1'),
(587, 104, 'Bentuk tulang daun yang sejajar', '0'),
(588, 104, 'Cara perkembangbiakannya', '0'),
(589, 104, 'Bentuk batang yang beruas ', '0'),
(590, 105, 'Obat-obatan', '1'),
(591, 105, 'Makanan', '0'),
(592, 105, 'Pengawet', '0'),
(593, 105, 'Kosmetik', '0'),
(594, 107, 'Umbi batang', '1'),
(595, 107, 'Umbi', '0'),
(596, 107, 'Umbi akar ', '0'),
(597, 107, 'Umbi lapis', '0'),
(598, 106, 'Menjaga anggrek hitam dari kepunahan', '1'),
(599, 106, 'Meningkatkan koleksi tanaman hias', '0'),
(600, 106, 'Menyebarkan populasi anggrek bulan ', '0'),
(601, 106, 'Menyalurkan kegemaran dan hobi ', '0'),
(602, 108, 'Reboisasi dapat menyediakan habibat baru lagi hewan ternak', '1'),
(603, 108, 'Reboisasi dapat menyediakan habitat baru beberapa jenis burung ', '0'),
(604, 108, 'Reklamasi pantai dapat mencegah banjir kiriman dari hulu sungai ', '0'),
(605, 108, 'Reklamasi pantai dapat mempersempit habitat tumbuhan di pantai ', '0'),
(606, 109, '4 - R dan 1 - Q ', '1'),
(607, 109, '1 - P dan 4 - R', '0'),
(608, 109, '2 - S dan 3 - S', '0'),
(609, 109, '3 - P dan 2 - Q ', '0'),
(610, 112, 'Konsumen 3 ', '1'),
(611, 112, 'Produsen', '0'),
(612, 112, 'Konsumen 1', '0'),
(613, 112, 'Konsumen 2', '0'),
(614, 110, 'Agar tidak punah', '1'),
(615, 110, 'Menjadikanya hewan khas Indonesia ', '0'),
(616, 110, 'Memanfaatkannya sebagai objek wisata ', '0'),
(617, 110, 'Agar mudah dipelihara ', '0'),
(618, 111, '3 dan 5 | 6 dan 8', '1'),
(619, 111, '1 dan 2  | 3 dan 4 ', '0'),
(620, 111, '2 dan 4  | 3 dan 7 ', '0'),
(621, 111, '1 dan 3  | 4 dan 6 ', '0'),
(626, 113, 'Jenis makanan: 1, 2, 4 dan bentuk daunya 5, 6, 8 ', '1'),
(627, 113, 'Cara perkembangbiakan: 1, 2, 3 dan jenis bunganya: 5, 6, 7', '0'),
(628, 113, 'Cara perkembangbiakan: 1, 2, 4 dan jenis bijinya: 5,6,7', '0'),
(629, 113, 'Jenis makanan: 1, 2, 3 dan bentuk daunnya: 5, 6, 8 ', '0'),
(630, 114, 'I - F, II - H, dan IV - G', '1'),
(631, 114, 'I - E, II - F, dan III - H ', '0'),
(632, 114, 'II - H, III - G, dan IV - E ', '0'),
(633, 114, 'II - F, III - G, dan IV - H', '0'),
(634, 115, '2 - P dan 4 - Q ', '1'),
(635, 115, '2 - R dan 4 - S', '0'),
(636, 115, '1 - P dan 3 - Q ', '0'),
(637, 115, '1 - S dan 3 - R', '0'),
(642, 116, '2 - R - II, 3 - S - III, dan 4 - Q - II ', '1'),
(643, 116, '4 - S - IV, 3 - Q - I, dan 2 - P - III', '0'),
(644, 116, ' 3 - Q - II, 2 - R - I, dan 1 - S - III ', '0'),
(645, 116, '1 - R - IV, 2 - Q - I, dan 3 - P - IV', '0'),
(646, 117, '1 - 3 - 5 - 6', '1'),
(647, 117, '4 - 5 - 6 - 1', '0'),
(648, 117, '3 - 4 - 5 - 6', '0'),
(649, 117, '2 - 3 - 4 - 5 ', '0'),
(654, 118, 'Bunga cengkih untuk penyedap dan kulit kina untuk industri obat', '1'),
(655, 118, 'Bunga cengkih untuk sayuran dan akar kina untuk bahan minuman  ', '0'),
(656, 118, 'Daun cengkih untuk obat dan kulit kina untuk bahan penyedap', '0'),
(657, 118, 'Daun cengkih untuk pewarna dan akar kina untuk obat malaria', '0'),
(658, 119, ' Sel darah merah', '1'),
(659, 119, 'Sel darah putih ', '0'),
(660, 119, 'Tulang dan gigi  ', '0'),
(661, 119, 'Sel-sel tubuh ', '0'),
(662, 120, 'Parasitisme karena walang sangit mendapat makanan dan bulir padi menjadi tidak berisi ', '1'),
(663, 120, 'Komensalisme karena walang sangit mendapat tempat berlindung dan padi tidak dirugikan ', '0'),
(664, 120, 'Mutualisme karena walang sangit mendapat makanan dan padi terbantu penyerbukannya ', '0'),
(665, 120, 'Parasitisme karena walang sangit berkembang biak dan padi terganggu pertumbuhan akarnya ', '0'),
(670, 124, 'Saat fase bulan purnama - petani garam lebih mudah mengairi tambak garamnya', '1'),
(671, 124, 'Saat fase bulan paruh - petani garam lebih mudah mengeringkan tambak garamnya.', '0'),
(672, 124, 'Saat fase bulan cembung - petani rumput laut lebih mudah melakukan panen.', '0'),
(673, 124, 'Saat fase bulan sabit - menjadi pedoman petani untuk mulai menanam padi. ', '0'),
(674, 123, '1, 4, dan 6', '1'),
(675, 123, '1, 3, dan 5', '0'),
(676, 123, '2, 3, dan 5', '0'),
(677, 123, '2, 4, dan 6 ', '0'),
(678, 128, '2, 3, 6 dan 1, 4, 5', '1'),
(679, 128, '1, 2, 4  dan 3, 5, 6  ', '0'),
(680, 128, '1, 3, 6 dan 2, 4, 5 ', '0'),
(681, 128, '2, 4, 5  dan 1, 3, 6 ', '0'),
(682, 129, 'k, m, n, dan q ', '1'),
(683, 129, 'k, l, p, dan q ', '0'),
(684, 129, 'l, n, o, dan q', '0'),
(685, 129, 'm, n, o, dan q ', '0'),
(686, 130, 'Padi - ulat - burung - ular ', '1'),
(687, 130, 'Padi - burung - ular - katak', '0'),
(688, 130, 'Padi - ulat - ular - burung ', '0'),
(689, 130, 'Padi - burung - katak - ular', '0'),
(690, 131, 'Terpenuhinya bahan bangunan ', '1'),
(691, 131, 'Kusuburan tanah berkurang', '0'),
(692, 131, 'Populasi hewan berkurang ', '0'),
(693, 131, 'Terjadinya pemanasan global ', '0'),
(694, 132, 'Mengurangi penguapan ', '1'),
(695, 132, 'Mengusir serangga pengganggu', '0'),
(696, 132, 'Menyimpan makanan', '0'),
(697, 132, 'Mengurangi proses fotosintesis ', '0'),
(698, 133, 'Menyimpan cadangan makanan', '1'),
(699, 133, 'Pengambilan udara pernapasan ', '0'),
(700, 133, 'Pemanjangan akar ke dalam tanah ', '0'),
(701, 133, 'Proses pembuatan makanan ', '0'),
(702, 134, 'Membawa darah yang mengandung karbon dioksida ke jantung', '1'),
(703, 134, 'Memompa darah ke seluruh tubuh ', '0'),
(704, 134, 'Mengalirkan darah dari jantung ke paru-paru ', '0'),
(705, 134, 'Mengalirkan darah dari jantung ', '0'),
(706, 125, 'Minyak cat ', '1'),
(707, 125, 'Spirtus', '0'),
(708, 125, 'Biosolar', '0'),
(709, 125, 'Alkohol', '0'),
(710, 135, 'Penyaringan udara yang masuk', '1'),
(711, 135, 'Pertukaran oksigen dan karbon dioksida ', '0'),
(712, 135, 'Peleburan oksigen dalam pembuluh darah ', '0'),
(713, 135, 'Penghangatan udara ', '0'),
(714, 136, 'Pembentukan sel darah merah', '1'),
(715, 136, 'Melarutkan vitamin A, D, E, K  ', '0'),
(716, 136, 'Membentuk antibody', '0'),
(717, 136, 'Membantu pembekuan darah ', '0'),
(718, 137, 'Pinggul melebar', '1'),
(719, 137, 'Suara menjadi besar ', '0'),
(720, 137, 'Dada membidang', '0'),
(721, 137, 'Tumbuh jakun ', '0'),
(722, 138, 'BCG', '1'),
(723, 138, 'Campak', '0'),
(724, 138, 'DPT ', '0'),
(725, 138, 'Polio', '0'),
(726, 139, 'Padat menjadi gas', '1'),
(727, 139, 'Cair menjadi gas ', '0'),
(728, 139, 'Padat menjadi cair', '0'),
(729, 139, 'Cair menjadi padat', '0'),
(730, 140, 'Tutup botol memuai lebih besar daripada botol', '1'),
(731, 140, 'Botol memuai lebih besar daripada tutup botol', '0'),
(732, 140, 'Volume sirup dalam botol bertambah', '0'),
(733, 140, 'Udara dalam botol mengalami pemuaian ', '0'),
(734, 141, 'Konveksi', '1'),
(735, 141, 'Konduksi', '0'),
(736, 141, 'Induksi ', '0'),
(737, 141, 'Radiasi ', '0'),
(738, 142, 'Bentuk benda', '1'),
(739, 142, 'Arah benda ', '0'),
(740, 142, 'Ukuran benda', '0'),
(741, 142, 'Gerak benda ', '0'),
(742, 143, 'Dipantulkan', '1'),
(743, 143, 'Dibiaskan', '0'),
(744, 143, 'Menembus benda bening  ', '0'),
(745, 143, 'Merambat lurus ', '0'),
(750, 13, 'Sehari 1 kali minum, setiap minum ½ sendok makan', '1'),
(751, 13, 'Sekali minum 1 sendok makan', '0'),
(752, 13, 'Sekali minum ¼ sendok makan sehari satu kali', '0'),
(753, 13, 'Sekali minum 2 sendok makan sehari satu kali', '0'),
(754, 14, 'Sebaiknya surat pembaca yang ditulis, disertai dengan identitas.', '1'),
(755, 14, 'Masalah itu sebaiknya dikonsultasikan kepada dealer resminya saja.', '0'),
(756, 14, 'Sebaiknya masalah yang sepele tidak usah dipublikasikan.', '0'),
(757, 14, 'Sebaiknya tidak usah ada masalah', '0'),
(758, 15, 'Kegiatan bersih sekolah tanggal 22 September 2012.', '1'),
(759, 15, 'Kegiatan tanggal 22 September 2012.', '0'),
(760, 15, 'Menjaga kebersihan lingkungan kelas tanggal 22 September 2012.', '0'),
(761, 15, 'Penyelenggaran kebersihan lingkungan kelas tanggal 22 September 2012.', '0'),
(762, 16, 'Siswa kelas VI bersemangat mengikuti pembelajaran.', '1'),
(763, 16, 'Siswa aktif bertanya jika belum paham materi pelajaran. ', '0'),
(764, 16, 'Hal tersebut menjadikan siswa memahami materi dengan baik', '0'),
(765, 16, 'Hal tersebut menjadikan siswa memahami materi dengan susah', '0'),
(766, 17, 'Rencana berangkat latihan marching band', '1'),
(767, 17, 'Latihan marching band.', '0'),
(768, 17, 'Wahyu akan ke rumah Irfan.', '0'),
(769, 17, 'Irfan akan ke rumah Wahyu', '0'),
(770, 18, 'Sekali merengkuh dayung dua tiga pulai terlampaui', '1'),
(771, 18, 'Berat sama dipikul ringan sama dijinjing', '0'),
(772, 18, 'Berakit-rakit ke hulu berenang-renang ke tepian', '0'),
(773, 18, 'Berakit-rakit ke hulu berenang-renang kesepian', '0'),
(774, 19, 'Lepas tangan', '1'),
(775, 19, 'Panjang tangan', '0'),
(776, 19, 'Ringan tangan', '0'),
(777, 19, 'Berat tangan', '0'),
(778, 20, 'Belajar setiap saat agar pandai ilmu agama', '1'),
(779, 20, 'Belajar mengaji setiap saat', '0'),
(780, 20, 'Puji mengajak belajar ilmu agama', '0'),
(781, 20, 'Puji mengajak bermain', '0'),
(782, 21, 'Penebangan hutan secara sembarangan mengakibatkan kerusakan lingkungan', '1'),
(783, 21, 'Longsor dan banjir bisa diatasi.', '0'),
(784, 21, 'Penebangan hutan harus diikuti dengan reboisasi', '0'),
(785, 21, 'Penebangan hutan merajalela', '0'),
(786, 22, 'Rumahku menyenangkan', '1'),
(787, 22, 'Aku suka rumahku karena kecil', '0'),
(788, 22, 'rumahku di ujung jalan', '0'),
(789, 22, 'rumahku di tepi jalan', '0'),
(790, 23, 'Reno orang yang  ringan tangan terhadap permasalahan yang dihadapi orang lain', '1'),
(791, 23, 'Reno orang yang panjang tangan karena membantu kesulitan seorang ibu', '0'),
(792, 23, 'Reno orang yang rendah diri karena menyelamatkan seorang ibu dan anaknya  yang kelaparan', '0'),
(793, 23, 'Reno orang yang tinggi hati karena menyelamatkan seorang ibu dan anaknya  yang kelaparan', '0'),
(794, 24, 'Kegiatan menabung', '1'),
(795, 24, 'Keramahan satpam Bank', '0'),
(796, 24, 'Pengisian formulir', '0'),
(797, 24, 'Pendataan formulir', '0'),
(798, 25, '2, 1, 6, 3, 5, 4', '1'),
(799, 25, '2, 1, 6, 4, 3, 5', '0'),
(800, 25, '2, 1, 6, 5, 4, 5', '0'),
(801, 25, '1, 2, 6, 5, 4, 5', '0'),
(806, 27, 'Baju ibuku mahal karena bagus.', '1'),
(807, 27, 'Baju ibuku bagus, tetapi mahal.', '0'),
(808, 27, 'Baju ibuku bagus dan mahal harganya.', '0'),
(809, 27, 'Baju ibuku bagus dan murah harganya.', '0'),
(810, 28, 'meskipun', '1'),
(811, 28, 'ketika', '0'),
(812, 28, 'tetapi', '0'),
(813, 28, 'pada', '0'),
(814, 29, 'Atas kehadiran Bapak/Ibu, kami mengucapkan terima kasih.', '1'),
(815, 29, 'Atas kehadiran Bapak/ibu, kami ucapkan terima kasih.', '0'),
(816, 29, 'Karena kehadiran para Bapak/Ibu kami mengucapkan terima kasih.', '0'),
(817, 29, 'Karena kehadiran para Bapak/Ibu kami mengucapkan minal aidin.', '0'),
(818, 30, 's.d.', '1'),
(819, 30, 's/d', '0'),
(820, 30, 's.d', '0'),
(821, 30, 's.D', '0'),
(822, 31, 'disampaikan', '1'),
(823, 31, 'sambutan', '0'),
(824, 31, 'diucapkan', '0'),
(825, 31, 'dipisahkan', '0'),
(826, 32, 'Semoga ayahmu lekas sembuh ya, Sus.', '1'),
(827, 32, 'Semoga kamu juga ditemani oleh ibu.', '0'),
(828, 32, 'Semoga biaya perawatan ayahmu tidak terlalu mahal.', '0'),
(829, 32, 'Semoga biaya perawatan ayahmu tidak terlalu murah', '0'),
(830, 33, '(2) Purbalingga, 17 Agustus 2002 (5) Priyatno', '1'),
(831, 33, '(2) Purbalingga, 17 September 2002 (5) Isnaeni', '0'),
(832, 33, '(2) Purbalingga, 15 September 2012 (5) Priyatno', '0'),
(833, 33, '(2) Purbalingga, 17 Agustus 2012 (5) Priyatno', '0'),
(838, 35, 'Keraton Kasunanan Surakarta memiliki peninggalan benda-benda bersejarah, yaitu gamelan, keris, gerabah, dan wayang kulit.', '1'),
(839, 35, 'Keraton Kasunanan Surakarta memiliki peninggalan benda-benda gamelan, keris, gerabah dan wayang kulit.', '0'),
(840, 35, 'Keraton Kasunanan Surakarta, memiliki peninggalan banyak benda-benda bersejarah, yaitu gamelan, keris, gerabah, dan wayang kulit.', '0'),
(841, 35, 'Keraton Kasunanan Surakarta, memiliki peninggalan banyak benda-benda keramat, yaitu gamelan, keris, gerabah, dan wayang kulit.', '0'),
(842, 36, 'Siswa dapat mengunjungi lokasi pabrik pembuatan gula pasir', '1'),
(843, 36, 'Siswa dapat mengetahui proses pembuatan pabrik gula pasir', '0'),
(844, 36, 'Siswa dapat mengetahui lokasi pabrik pembuatan gula pasir', '0'),
(845, 36, 'Siswa dapat mengetahui lokasi pabrik pembuangan gula pasir', '0'),
(846, 37, 'Kalau adik ingin pandai, belajarlah sambil berdoa', '1'),
(847, 37, 'Berkawanlah jangan berkelahi agar kita banyak uangnya', '0'),
(848, 37, 'Mari kawan kita bersantai hidup kita pasti kan bahagia', '0'),
(849, 37, 'Mari pulang marilah pulang', '0'),
(850, 38, 'Berbagai lomba yang diadakan antara lain lomba balap karung, makan kerupuk, panjat pinang, dan memasukkan pensil ke dalam botol.', '1'),
(851, 38, 'Berbagai lomba yang diadakan antara lain lomba balap karung, makan kerupuk, panjat pinang, dan memasukkan pensil ke dalam botol.', '0'),
(852, 38, 'Berbagai lomba yang diadakan antara lain lomba balap karung, makan kerupuk, panjat pinang, dan memasukkan pensil kedalam botol.', '0'),
(853, 38, 'Berbagai lomba yang diadakan antara lain lomba balap karung, makan kerupuk, panjat pinang, dan memasukkan pensil kedalam kotak pencil', '0'),
(854, 39, 'Oleh karena itu, antarumat beragama di desa ini hidup berdampingan dengan rukun.', '1'),
(855, 39, 'Oleh sebab itu, masyarakat di desa ini hidup dengan berkerja sama.', '0'),
(856, 39, 'Oleh karena itu, masyarakatnya maju di bidang keagamaan.', '0'),
(857, 39, 'Oleh karena itu, masyarakatnya maju di bidang kewarganegaraan.', '0'),
(862, 41, 'Pengelola Pantai Kenjeran harus menambah personil kebersihan dan membangun beberapa fasilitas umum tambahan', '1'),
(863, 41, 'Pengelola Pantai Kenjeran seharusnya menambah wahana bermain agar lebih menarik', '0'),
(864, 41, 'Sebaiknya pengelola Pantai Kenjeran menutup tempat wisata tersebut karena banyak keluhan', '0'),
(865, 41, 'Sebaiknya pengelola Pantai Kenjeran menutup tempat wisata tersebut karena banyak penyusup', '0'),
(866, 42, 'Seruan menghadiri pameran pendidikan', '1'),
(867, 42, 'Seruan mengikuti mengadakan pameran pendidikan', '0'),
(868, 42, 'Penawaran penemuan-penemuan mutakhir pendidikan', '0'),
(869, 42, 'Penawaran penemuan-penemuan terakhir', '0'),
(870, 43, '(1)', '1'),
(871, 43, '(2)', '0'),
(872, 43, '(3)', '0'),
(873, 43, '(4)', '0'),
(874, 44, 'Nina sepakat menemani Nindya mencari kado setelah makan siang.', '1'),
(875, 44, 'Nindya mengajak Nani pergi ke toko buku.', '0'),
(876, 44, 'Nani sepakat mencari kado bersama Nindya', '0'),
(877, 44, 'Nani sepakat mencari kado bersama kekasihnya', '0'),
(878, 45, 'Seperti ilmu padi semakin berisi semakin merunduk.', '1'),
(879, 45, 'Seperti mendapat durian runtuh.', '0'),
(880, 45, 'Seperti menghasta kain sarung.', '0'),
(881, 45, 'Seperti menghasta kain goni.', '0'),
(882, 46, 'Lapang dada					', '1'),
(883, 46, 'Naik darah		', '0'),
(884, 46, ' Rendah hati			', '0'),
(885, 46, ' Rendah diri			', '0'),
(886, 47, 'Ilmu yang tinggi tidak akan berguna jika kita tidak pernah bersembahyang.', '1'),
(887, 47, 'Kita harus rajin sembahyang agar memiliki ilmu yang tinggi.', '0'),
(888, 47, 'Raihlah ilmu setinggi-tingginya untuk bekal hidupmu.', '0'),
(889, 47, 'Raihlah ilmu setinggi-tingginya untuk bekal masa depanmu', '0'),
(890, 48, 'Kekeringan akibat kemarau panjang', '1'),
(891, 48, 'Para petani resah karena sawahnya terkena banjir', '0'),
(892, 48, 'Sekarang petani menjadi pengangguran', '0'),
(893, 48, 'Sekarang petani menjadi pengusaha', '0'),
(894, 49, 'Pertanyaan dan permohonan maaf  kepada Tuhan atas kerusakan di bumi', '1'),
(895, 49, 'Pertanyaan kepada Tuhan tentang keindahan alam yang ada di bumi', '0'),
(896, 49, 'Pernyataan terima kasih karena telah menciptakan dunia yang indah', '0'),
(897, 49, 'Pernyataan terima kasih karena telah menciptakan dunia yang baru', '0'),
(898, 50, 'Karena tidak berhati-hati, kaca meja pecah saat meletakkan mangkok puding buah melon', '1'),
(899, 50, 'Keberhasilan membuat puding buah melon untuk ulang tahun mama', '0'),
(900, 50, 'Kami sekeluarga terkejut saat mendengar bunyi kaca jendela yang tiba-tiba pecah', '0'),
(901, 50, 'Kami sekeluarga terkejut saat mendengar bunyi piring pecah', '0'),
(906, 52, 'Siswa-siswi kelas VI SDN Seruyu berlatih mengarang untuk mengisi majalah dinding', '1'),
(907, 52, 'Siswa-siswi kelas VI dilatih oleh seorang wartawan yang bernama Pak Amar', '0'),
(908, 52, 'SDN Seruyu membuat majalah dinding untuk para siswanya', '0'),
(909, 52, 'SDN Merayu membuat majalah bobo untuk para siswanya', '0'),
(914, 54, '2)-4)-1)-3)', '1'),
(915, 54, '2)-1)-4)-3)					', '0'),
(916, 54, '4)-1)-2)-3)					', '0'),
(917, 54, '1)-4)-2)-3)					', '0'),
(918, 55, 'Ali rajin belajar sehingga menjadi juara kelas.', '1'),
(919, 55, 'Ali rajin belajar jika menjadi juara kelas.', '0'),
(920, 55, 'Ali rajin belajar ketika menjadi juara kelas.', '0'),
(921, 55, 'Ali rajin belajar ketika sedang berbahagia', '0'),
(934, 59, 'Diberitahukan kepada siswa kelas VI bahwa akan diadakan ulangan IPA.', '1'),
(935, 59, 'Diadakan ulangan IPA materi BAB VII–IX.', '0'),
(936, 59, 'Diberitahukan kepada siswa kelas VI bahwa akan diadakan ulangan.', '0'),
(937, 59, 'Diberitahukan kepada siswa kelas VI bahwa akan diadakan pernikahan', '0'),
(938, 60, 'Serahkan dompet itu kepada kami, nanti Bapak yang akan menghubungi pemiliknya.', '1'),
(939, 60, 'Ambil saja dompet itu untukmu, Nak.', '0'),
(940, 60, 'Silahkan kamu gunakan uang itu untuk kebaikan.', '0'),
(941, 60, 'Silahkan kamu gunakan uang itu untuk keberkahan', '0'),
(946, 62, '58.725                      ', '1'),
(947, 62, '59.025                    ', '0'),
(948, 62, '58.625                       ', '0'),
(949, 62, '58.000                ', '0'),
(950, 63, '373      ', '1'),
(951, 63, '701', '0'),
(952, 63, '569                           ', '0'),
(953, 63, '669                   ', '0'),
(954, 64, '- 11                        ', '1'),
(955, 64, '- 3                            ', '0'),
(956, 64, '3    ', '0'),
(957, 64, '4', '0'),
(958, 65, '2^3 x 3^2 x 5', '1'),
(959, 65, '2 x 3 x 5                   ', '0'),
(960, 65, '2^2 x 3 x 5              ', '0'),
(961, 65, '2^2 x 7 x 6           ', '0'),
(962, 66, '56', '1'),
(963, 66, '42                          ', '0'),
(964, 66, '28', '0'),
(965, 66, '29', '0'),
(966, 67, '29 April 2013', '1'),
(967, 67, '26 April 2013         ', '0'),
(968, 67, '27 April 2013           ', '0'),
(969, 67, '30 April 2013           ', '0'),
(970, 68, '7', '1'),
(971, 68, '18                              ', '0'),
(972, 68, '14                              ', '0'),
(973, 68, '15                              ', '0'),
(974, 69, '818                            ', '1'),
(975, 69, '1.600                        ', '0'),
(976, 69, '371                            ', '0'),
(977, 69, '471                         ', '0'),
(982, 70, '1.340                        ', '1'),
(983, 70, '2.100                         ', '0'),
(984, 70, '3.160                         ', '0'),
(985, 70, '2.560              ', '0'),
(986, 71, '30', '1'),
(987, 71, '300                            ', '0'),
(988, 71, '180                           ', '0'),
(989, 71, '200                  ', '0'),
(990, 72, '1.900', '1'),
(991, 72, '3.900                         ', '0'),
(992, 72, '3.100                          ', '0'),
(993, 72, '3.800            ', '0'),
(994, 73, '10.48                        ', '1'),
(995, 73, '10.45                         ', '0'),
(996, 73, '10.25                         ', '0'),
(997, 73, '10.35                   ', '0'),
(998, 74, '137,5 ', '1'),
(999, 74, '1,375 ', '0'),
(1000, 74, '13,75 ', '0'),
(1001, 74, '13,80', '0'),
(1002, 75, '2^3 x 3', '1'),
(1003, 75, '2 x 3', '0'),
(1004, 75, '2 x 3 x 7', '0'),
(1005, 75, '2 x 5 x 5', '0'),
(1006, 76, '5 Oktober ', '1'),
(1007, 76, '18 September ', '0'),
(1008, 76, '25 September ', '0'),
(1009, 76, '25 Oktober', '0'),
(1010, 77, '9', '1'),
(1011, 77, '8 ', '0'),
(1012, 77, '10', '0'),
(1013, 77, '11', '0'),
(1014, 78, '7,5', '1'),
(1015, 78, '75 ', '0'),
(1016, 78, '35 ', '0'),
(1017, 78, '45 ', '0'),
(1018, 79, '08.35', '1'),
(1019, 79, '08.18', '0'),
(1020, 79, '08.20', '0'),
(1021, 79, '08.45', '0'),
(1022, 80, 'persegi panjang', '1'),
(1023, 80, 'layang-layang', '0'),
(1024, 80, 'belah ketupat', '0'),
(1025, 80, 'jajar genjang', '0'),
(1026, 81, '249.600 ', '1'),
(1027, 81, '192 ', '0'),
(1028, 81, '398 ', '0'),
(1029, 81, '639', '0'),
(1030, 82, '16', '1'),
(1031, 82, '15', '0'),
(1032, 82, '17', '0'),
(1033, 82, '18', '0'),
(1034, 83, '13', '1'),
(1035, 83, '11 ', '0'),
(1036, 83, '12 ', '0'),
(1037, 83, '14', '0'),
(1038, 84, '10  ', '1'),
(1039, 84, '36 ', '0'),
(1040, 84, '42 ', '0'),
(1041, 84, '52', '0'),
(1042, 85, '9  ', '1'),
(1043, 85, '3 ', '0'),
(1044, 85, '12 ', '0'),
(1045, 85, '13', '0'),
(1046, 86, '08.54 ', '1'),
(1047, 86, '08.38 ', '0'),
(1048, 86, '08.42 ', '0'),
(1049, 86, '08.50', '0'),
(1050, 87, '24 ', '1'),
(1051, 87, '18 ', '0'),
(1052, 87, '12 ', '0'),
(1053, 87, '13', '0'),
(1054, 88, '23', '1'),
(1055, 88, '17 ', '0'),
(1056, 88, '27 ', '0'),
(1057, 88, '37', '0'),
(1058, 89, '45 ', '1'),
(1059, 89, '75 ', '0'),
(1060, 89, '55 ', '0'),
(1061, 89, '65 ', '0'),
(1062, 90, '150 ', '1'),
(1063, 90, '100 ', '0'),
(1064, 90, '75 ', '0'),
(1065, 90, '125', '0'),
(1066, 91, '180 ', '1'),
(1067, 91, '15', '0'),
(1068, 91, '20', '0'),
(1069, 91, '30', '0'),
(1070, 92, 'jajar genjang ', '1'),
(1071, 92, 'layang-layang', '0'),
(1072, 92, 'trapesium siku-siku', '0'),
(1073, 92, 'belah ketupat', '0'),
(1074, 93, '3.375 ', '1'),
(1075, 93, '3.255 ', '0'),
(1076, 93, '225 ', '0'),
(1077, 93, '325 ', '0'),
(1078, 94, '58 ', '1'),
(1079, 94, '60 ', '0'),
(1080, 94, '63 ', '0'),
(1081, 94, '83', '0'),
(1082, 95, '9', '1'),
(1083, 95, '7', '0'),
(1084, 95, '8', '0'),
(1085, 95, '6', '0'),
(1086, 96, 'novel ', '1'),
(1087, 96, 'majalah', '0'),
(1088, 96, 'buku cerita', '0'),
(1089, 96, 'buku dongeng', '0'),
(1090, 97, '97.459. ', '1'),
(1091, 97, '87.459			', '0'),
(1092, 97, '35.709', '0'),
(1093, 97, '35.809', '0'),
(1094, 98, '1.058.801		', '1'),
(1095, 98, '1.058.108		', '0'),
(1096, 98, '158.801', '0'),
(1097, 98, '258.801', '0'),
(1098, 99, 'Rp10.500,00 ', '1'),
(1099, 99, 'Rp10.750,00 ', '0'),
(1100, 99, 'Rp9.750,00 ', '0'),
(1101, 99, 'Rp11.750,00 ', '0'),
(1102, 100, 'Rp14.000.000,00	', '1'),
(1103, 100, 'Rp12.000.000,00 ', '0'),
(1104, 100, 'Rp28.000.000,00', '0'),
(1105, 100, 'Rp30.000.000,00', '0'),
(1106, 101, '432 ', '1'),
(1107, 101, '324', '0'),
(1108, 101, '216', '0'),
(1109, 101, '316', '0'),
(1110, 144, '480', '1'),
(1111, 144, '380  ', '0'),
(1112, 144, '336 ', '0'),
(1113, 144, '240 ', '0'),
(1114, 145, '16 buku tulis', '1'),
(1115, 145, '172 buku tulis', '0'),
(1116, 145, '100 buku tulis  ', '0'),
(1117, 145, '27 buku tulis ', '0'),
(1118, 146, '-540', '1'),
(1119, 146, '540', '0'),
(1120, 146, '450', '0'),
(1121, 146, '-450 ', '0'),
(1122, 147, '8 1/4kg ', '1'),
(1123, 147, '9 1/4kg', '0'),
(1124, 147, '6 1/4 kg ', '0'),
(1125, 147, '5 1/4 kg', '0'),
(1126, 148, '18 tahun', '1'),
(1127, 148, '12 tahun ', '0'),
(1128, 148, '20 tahun', '0'),
(1129, 148, '45 tahun', '0'),
(1130, 149, '2^3 x 3', '1'),
(1131, 149, '2^5 x 3 ', '0'),
(1132, 149, '2^5 x 3^2  ', '0'),
(1133, 149, '2^3 x 2^5 ', '0'),
(1134, 150, '60', '1'),
(1135, 150, '15', '0'),
(1136, 150, '20', '0'),
(1137, 150, '120', '0'),
(1138, 151, '2 Mei 2013', '1'),
(1139, 151, '3 Mei 2013', '0'),
(1140, 151, '4 Mei 2013 ', '0'),
(1141, 151, '5 Mei 2013 ', '0'),
(1142, 152, '13 orang', '1'),
(1143, 152, '26 orang', '0'),
(1144, 152, '6 orang', '0'),
(1145, 152, '30 orang ', '0'),
(1146, 153, '300', '1'),
(1147, 153, '100 ', '0'),
(1148, 153, '200 ', '0'),
(1149, 153, '400 ', '0'),
(1150, 154, '12 dm', '1'),
(1151, 154, '8 dm ', '0'),
(1152, 154, '14 dm', '0'),
(1153, 154, '22 dm ', '0'),
(1154, 155, '57 menit ', '1'),
(1155, 155, '1 jam 43 menit', '0'),
(1156, 155, '1 jam 3 menit ', '0'),
(1157, 155, '59 menit ', '0'),
(1158, 156, '6.750 liter', '1'),
(1159, 156, '33 liter ', '0'),
(1160, 156, '112,5 liter', '0'),
(1161, 156, '1.125 liter ', '0'),
(1162, 157, '17', '1'),
(1163, 157, '8', '0'),
(1164, 157, '113 ', '0'),
(1165, 157, '176 ', '0'),
(1166, 158, 'Rp. 45.400,00', '1'),
(1167, 158, 'Rp. 46.400,00', '0'),
(1168, 158, 'Rp. 55.400,00', '0'),
(1169, 158, 'Rp. 56.400,00 ', '0'),
(1170, 159, '2^3 × 3^3 × 7', '1'),
(1171, 159, '2^2 × 3^2 × 7  ', '0'),
(1172, 159, '2^3 × 3^2 × 7 ', '0'),
(1173, 159, '2^3 × 3^5 × 7 ', '0'),
(1174, 160, '2 Oktober 2013 ', '1'),
(1175, 160, '20 September 2013', '0'),
(1176, 160, '21 September 2013', '0'),
(1177, 160, '3 Oktober 2013 ', '0'),
(1178, 161, '87', '1'),
(1179, 161, '78', '0'),
(1180, 161, '67  ', '0'),
(1181, 161, '58 ', '0'),
(1182, 162, '36 dm', '1'),
(1183, 162, '38 dm ', '0'),
(1184, 162, '46 dm ', '0'),
(1185, 162, '48 dm ', '0'),
(1186, 163, '13,77 m ', '1'),
(1187, 163, '137,7 m', '0'),
(1188, 163, '136,7 m', '0'),
(1189, 163, '13,95 m ', '0'),
(1190, 164, '150 m^2 ', '1'),
(1191, 164, '75 m^2  ', '0'),
(1192, 164, '125 m^2 ', '0'),
(1193, 164, '250 m^2 ', '0'),
(1194, 165, '15.47 ', '1'),
(1195, 165, '16.59', '0'),
(1196, 165, '16.47 ', '0'),
(1197, 165, '15.23', '0'),
(1198, 166, 'Belah ketupat', '1'),
(1199, 166, 'Jajar genjang', '0'),
(1200, 166, 'Trapesium sama kaki ', '0'),
(1201, 166, 'Persegi panjang ', '0'),
(1202, 167, '8,50', '1'),
(1203, 167, '8,40 ', '0'),
(1204, 167, '8,48 ', '0'),
(1205, 167, '8,84 ', '0'),
(1206, 168, '80,00', '1'),
(1207, 168, '73,33', '0'),
(1208, 168, '78,00 ', '0'),
(1209, 168, '86,67 ', '0'),
(1210, 169, '4,75 ', '1'),
(1211, 169, '4,50 ', '0'),
(1212, 169, '5,50', '0'),
(1213, 169, '5,75 ', '0'),
(1214, 170, '80', '1'),
(1215, 170, '76', '0'),
(1216, 170, '78', '0'),
(1217, 170, '82', '0'),
(1218, 171, '550 ml', '1'),
(1219, 171, '250 ml', '0'),
(1220, 171, '600 ml', '0'),
(1221, 171, '2.000 ml ', '0'),
(1222, 172, '2,0 kg', '1'),
(1223, 172, '0,02 kg ', '0'),
(1224, 172, '0,2 kg ', '0'),
(1225, 172, '20 kg ', '0'),
(1226, 173, '68 km ', '1'),
(1227, 173, '58 km', '0'),
(1228, 173, '64 km ', '0'),
(1229, 173, '72 km', '0'),
(1230, 174, 'Trapesium sembarang ', '1'),
(1231, 174, 'Trapeisum siku - siku', '0'),
(1232, 174, 'Trapesium samakaki ', '0'),
(1233, 174, 'Belah ketupat ', '0'),
(1234, 175, '336 cm^3     ', '1'),
(1235, 175, '168 cm^3 ', '0'),
(1236, 175, '112 cm^3', '0'),
(1237, 175, '55 cm^3 ', '0'),
(1238, 176, '900 orang ', '1'),
(1239, 176, '850 orang ', '0'),
(1240, 176, '875 orang ', '0'),
(1241, 176, '925 orang ', '0'),
(1242, 177, '30  ', '1'),
(1243, 177, '15 ', '0'),
(1244, 177, '35', '0'),
(1245, 177, '40 ', '0'),
(1246, 178, '17 liter/menit ', '1'),
(1247, 178, '15 liter/menit ', '0'),
(1248, 178, '18 liter/menit  ', '0'),
(1249, 178, '35 liter/menit ', '0'),
(1250, 179, '30 kg', '1'),
(1251, 179, '33 kg', '0'),
(1252, 179, '34 kg ', '0'),
(1253, 179, '35 kg ', '0'),
(1254, 180, '7,5 ', '1'),
(1255, 180, '8,0 ', '0'),
(1256, 180, '7,9', '0'),
(1257, 180, '7.0 ', '0'),
(1258, 181, '32 kg', '1'),
(1259, 181, '25 kg ', '0'),
(1260, 181, '35 kg', '0'),
(1261, 181, '37 kg ', '0'),
(1262, 182, '28 kg ', '1'),
(1263, 182, '32 kg', '0'),
(1264, 182, '30 kg', '0'),
(1265, 182, '28,75 kg ', '0'),
(1266, 183, '209', '1'),
(1267, 183, '208', '0'),
(1268, 183, '210 ', '0'),
(1269, 183, '211 ', '0'),
(1270, 184, 'alat untuk mempertahankan diri ', '1'),
(1271, 184, 'mengusir hewan penganggu', '0'),
(1272, 184, 'mencerna makanan', '0'),
(1273, 184, 'beradaptasi dengan lingkungan', '0'),
(1274, 185, 'jumlah kakinya             ', '1'),
(1275, 185, 'makanannya                 ', '0'),
(1276, 185, 'cara bergeraknya             ', '0'),
(1277, 185, 'ukuran tubuhnya', '0'),
(1278, 186, 'sebagai bahan bangunan', '1'),
(1279, 186, 'sebagai bahan makanan                                 ', '0'),
(1280, 186, 'sebagai bahan obat', '0'),
(1281, 186, 'sebagai bahan kerajinan                                 ', '0'),
(1282, 187, 'habitat Raflesia tidak rusak', '1'),
(1283, 187, 'tidak diperjual belikan', '0'),
(1284, 187, 'populasi Raflesia meningkat', '0'),
(1285, 187, 'keindahan alam Indonesia terjaga ', '0'),
(1286, 188, 'telur ? berudu ? berudu berkaki ? katak dewasa ', '1'),
(1287, 188, 'katak dewasa ? telur ?  berudu ? berudu berkaki ', '0'),
(1288, 188, 'katak dewasa ? berudu ? berudu berkaki ? telur ', '0'),
(1289, 188, 'telur ? berudu berkaki ? berudu ? katak dewasa', '0'),
(1290, 189, 'Parasitisme', '1'),
(1291, 189, 'Komensalisme', '0'),
(1292, 189, 'Mutualisme', '0'),
(1293, 189, 'Netralisme', '0'),
(1294, 190, 'Padi -> tikus -> ular', '1'),
(1295, 190, 'Rumput -> rusa >- singa                                                        ', '0'),
(1296, 190, 'Plankton -> ikan kecil -> ikan besar', '0'),
(1297, 190, 'Teratai -> ular -> katak                                                          ', '0'),
(1298, 191, 'banjir diperkotaan', '1'),
(1299, 191, 'sungai dipenuhi sampah', '0'),
(1300, 191, 'sungai menjadi keruh', '0'),
(1301, 191, 'ikan-ikan mati', '0'),
(1302, 192, 'melindungi diri dari musuhnya                                ', '1'),
(1303, 192, 'senjata untuk memburu mangsa', '0'),
(1304, 192, 'menyamarkan diri dari musuhnya                            ', '0'),
(1305, 192, 'mengoyak daun-daunan', '0'),
(1306, 193, 'menyerap air dan zat hara dari dalam tanah  ', '1'),
(1307, 193, 'membantu menembus tanah', '0'),
(1308, 193, 'menyimpan cadangan makanan ', '0'),
(1309, 193, 'sebagai alat pernapasan', '0'),
(1310, 194, '1 dan 3', '1'),
(1311, 194, '1 dan 2                                          ', '0'),
(1312, 194, '2 dan 3                     ', '0'),
(1313, 194, '2 dan 4', '0'),
(1314, 195, 'siap untuk menghasilkan keturunan ', '1'),
(1315, 195, 'remaja putra tumbuh dan berkembang', '0'),
(1316, 195, 'adanya gangguan kesehatan', '0'),
(1317, 195, 'mengalami perkembangan emosional', '0'),
(1318, 196, 'makan secara teratur', '1'),
(1319, 196, 'menjaga kebersihan makanan', '0'),
(1320, 196, 'mengkonsumsi makanan yang mengandung vitamin C', '0'),
(1321, 196, 'mengkonsumsi makanan yang banyak mengandung lemak', '0'),
(1322, 197, 'pengembunan   ', '1'),
(1323, 197, 'pengkristalan           ', '0'),
(1324, 197, 'penyubliman                     ', '0'),
(1325, 197, 'penghabluran', '0'),
(1326, 198, 'lentur dan kuat', '1'),
(1327, 198, 'kedap air dan tahan panas', '0'),
(1328, 198, 'penghantar yang baik dan keras', '0'),
(1329, 198, 'ulet dan tahan panas', '0'),
(1330, 199, 'menyusut saat udara dingin', '1'),
(1331, 199, 'mengalirkan suara', '0'),
(1332, 199, 'memuai pada malam hari   ', '0'),
(1333, 199, 'bertambah panjang', '0'),
(1334, 200, 'saat mengaduk teh panas, sendok yang kita pegang ikut panas', '1'),
(1335, 200, 'pada saat merebus kacang hijau, kacang hijau bergerak naik turun ', '0'),
(1336, 200, 'badan kita terasa panas saat berada di dekat api unggun', '0'),
(1337, 200, 'menjemur baju memanfaatkan panas matahari yang sampai ke bumi', '0'),
(1338, 201, 'kimia menjadi panas', '1'),
(1339, 201, 'listrik menjadi kimia ', '0'),
(1340, 201, 'panas menjadi gerak', '0'),
(1341, 201, 'gerak menjadi listrik', '0'),
(1342, 202, 'biogas', '1'),
(1343, 202, 'biosolar ', '0'),
(1344, 202, 'bioetanol', '0'),
(1345, 202, 'gasolin', '0'),
(1346, 203, 'kawat dan kabel', '1'),
(1347, 203, 'perhiasan', '0'),
(1348, 203, 'badan pesawat', '0'),
(1349, 203, 'pagar rumah', '0'),
(1350, 204, 'membuat sengkedan', '1'),
(1351, 204, 'membuat saluran irigasi', '0'),
(1352, 204, 'membuat bendungan', '0'),
(1353, 204, 'membuat selokan', '0'),
(1354, 205, 'parafin, avtur, kerosin, dan vaselin              ', '1'),
(1355, 205, 'vaselin, biomasa, rosella, dan cendana', '0'),
(1356, 205, 'gasoline, biogas, biomasa, dan vaselin', '0'),
(1357, 205, 'cendana, gaharu, kina, dan tengkawang', '0'),
(1358, 206, 'Mars', '1'),
(1359, 206, 'Uranus', '0'),
(1360, 206, 'Venus', '0'),
(1361, 206, 'Neptunus', '0'),
(1362, 207, 'terjadinya pergantian musim', '1'),
(1363, 207, 'gerak semu harian matahari', '0'),
(1364, 207, 'terjadinya siang dan malam', '0'),
(1365, 207, 'perubahan bentuk-bentuk bulan', '0'),
(1366, 208, 'Kalender Masehi', '1'),
(1367, 208, 'Kalender Internasional', '0'),
(1368, 208, 'Kalender Hijriah', '0'),
(1369, 208, 'Kalender Komariah', '0'),
(1370, 209, 'berenang di air dan berjalan di atas lumpur', '1'),
(1371, 209, 'berjalan di atas lumpur dan mengais makanan ', '0'),
(1372, 209, 'mengais makanan dan mencengkeram makanan ', '0'),
(1373, 209, 'mencengkeram makanan dan berenang di air', '0'),
(1374, 210, '   memangsa hama tikus                                      ', '1'),
(1375, 210, ' 	menyuburkan tanah    ', '0'),
(1376, 210, ' 	menakut-nakuti pencuri                                        ', '0'),
(1377, 210, ' 	memangsa hewan ternak', '0'),
(1378, 211, 'melestarikan hewan langka       ', '1'),
(1379, 211, 'melestarikan tumbuhan tertentu                          ', '0'),
(1380, 211, 'melestarikan tumbuhan langka                          ', '0'),
(1381, 211, 'melestarikan hewan dan tumbuhan langka', '0'),
(1382, 212, 'tumbuhnya jakun', '1'),
(1383, 212, 'rambut menjadi panjang                                      ', '0'),
(1384, 212, 'pinggulnya membesar                                                ', '0'),
(1385, 212, 'kaki membesar', '0'),
(1386, 213, 'pupa    ', '1'),
(1387, 213, 'telur                          ', '0'),
(1388, 213, 'nimfa                                                       ', '0'),
(1389, 213, 'dewasa', '0'),
(1390, 214, 'kupu-kupu yang hinggap di bunga mawar ', '1'),
(1391, 214, 'Ikan badut dengan anemone laut', '0'),
(1392, 214, 'Ikan remora dengan ikan hiu                                                     ', '0'),
(1393, 214, 'angrek dan tumbuhan inangnya', '0'),
(1394, 215, 'zooplankton  ', '1'),
(1395, 215, 'plankton                                     ', '0'),
(1396, 215, 'anemon                        ', '0'),
(1397, 215, 'koral', '0'),
(1398, 216, 'matinya beberapa jenis satwa liar karena kehilangan tempat tinggal dan kekurangan makanan', '1'),
(1399, 216, 'berkembangnya beberapa jenis satwa liar karena mempunyai habitat baru', '0'),
(1400, 216, 'matinya beberapa jenis satwa liar karena bahan – bahan kimia yang ditinggalkannya', '0'),
(1401, 216, 'berkembangnya satwa liar karena ditangkarkan oleh pelaku illegal logging. ', '0'),
(1402, 217, 'mengurangi penguapan     ', '1'),
(1403, 217, 'menyimpan air           ', '0'),
(1404, 217, 'melindungi diri              ', '0'),
(1405, 217, 'memperoleh air', '0'),
(1406, 218, 'alat pernapasan          ', '1'),
(1407, 218, 'menyerap air              ', '0'),
(1408, 218, 'menyerap zat hara       ', '0'),
(1409, 218, 'alat fotosintesis', '0'),
(1410, 219, 'pembentukan tulang dan gigi', '1'),
(1411, 219, 'mencegah penyakit gondok    ', '0'),
(1412, 219, 'membentuk sel darah merah                                                          ', '0'),
(1413, 219, 'meningkatkan daya tahan tubuh ', '0'),
(1414, 220, 'zat besi                         ', '1'),
(1415, 220, 'karbohidrat                   ', '0'),
(1416, 220, 'protein                        ', '0'),
(1417, 220, 'lemak', '0'),
(1418, 221, 'penyubliman', '1'),
(1419, 221, 'pengembunan              ', '0'),
(1420, 221, 'pembekuan                                ', '0'),
(1421, 221, 'penghabluran', '0'),
(1422, 222, 'ringan dan bersifat konduktor       ', '1'),
(1423, 222, 'ringan dan bersifat isolator                                                         ', '0'),
(1424, 222, 'murah dan mudah didapat ', '0'),
(1425, 222, 'murah dan mudah dibentuk ', '0'),
(1426, 223, 'udara di dalam ban memuai                                                    ', '1'),
(1427, 223, 'udara di dalam ban menekan          ', '0'),
(1428, 223, 'udara di dalam ban menyusut ', '0'),
(1429, 223, 'udara di dalam ban menguap', '0'),
(1434, 224, 'Vitamin A dan beta karoten ', '1'),
(1435, 224, 'Vitamin B dan beta karoten ', '0'),
(1436, 224, 'Vitamin A dan protein ', '0'),
(1437, 224, 'Vitamin A dan vitamin B ', '0'),
(1450, 228, 'Vitamin A dibutuhkan untuk kesehatan mata ', '1'),
(1451, 228, 'Wortel sangat bermanfaat bagi kesehatan', '0'),
(1452, 228, 'Wortel membantu menurunkan kolesterol ', '0'),
(1453, 228, 'Beta karoten mencegah timbulnya kanker.', '0'),
(1454, 229, '1 tablet ', '1'),
(1455, 229, '3/4 tablet', '0'),
(1456, 229, '1/2 tablet ', '0'),
(1457, 229, '1/4 tablet ', '0'),
(1458, 230, '4-1-2-5-3', '1'),
(1459, 230, '1-2-3-4-5 ', '0'),
(1460, 230, '2-5-4-1-3 ', '0'),
(1461, 230, '5-2-3-1-4 ', '0'),
(1462, 231, 'Masyarakat hendaknya menjaga kebersihan lingkungan ', '1'),
(1463, 231, 'Masyarakat harus menyadari pentingnya sungai', '0'),
(1464, 231, 'Masyarakat tidak menghiraukan lingkungan. ', '0'),
(1465, 231, 'Pengelola pabrik diberi arahan. ', '0'),
(1466, 232, 'Berita kehilangan dompet', '1'),
(1467, 232, 'Imbauan menjaga dompet', '0'),
(1468, 232, 'Telah ditemukan dompet ', '0'),
(1469, 232, 'Promosi harga dompet ', '0'),
(1486, 236, 'Pekerjaan sebagai penerjemah memerlu-kan kepandaian berbahasa ', '1'),
(1487, 236, 'Kak Iwan Kuliah di jurusan bahasa Inggris', '0'),
(1488, 236, 'Selain itu Kak Iwan juga belajar berbahasa Belanda dan Perancis ', '0'),
(1489, 236, 'Dia juga menguasai bahasa Cirebon sebagai salah satu bahasa daerah ', '0'),
(1490, 237, 'Thorik memberitahukan waktu ujian pidato Bahsa Indonesia. ', '1'),
(1491, 237, 'Thorik akan berpidato Bahasa Indonesia besok', '0'),
(1492, 237, 'Isam akan menanyakan waktu ujian pidato Bahasa Indonesia ', '0'),
(1493, 237, 'Isam memberitahukan ujian pidato Bahasa Indonesia besok ', '0'),
(1506, 241, 'Seekor kerbau berkubang, semua kena lumpurnya', '1'),
(1507, 241, 'Seekor kerbau menanduk sekelompok anak', '0'),
(1508, 241, 'Kerbau punya susu, sapi punya nama ', '0'),
(1509, 241, ' Induk kerbau menanduk anak sendiri ', '0'),
(1510, 242, 'Perang mulut ', '1'),
(1511, 242, 'Rapuh mulut ', '0'),
(1512, 242, 'Capat mulut', '0'),
(1513, 242, 'Riang mulut ', '0'),
(1514, 243, 'Belajar terus untuk membangun negeri ', '1'),
(1515, 243, 'Bekerja keras di sawah luas ', '0'),
(1516, 243, 'Membajak sawah agar subur ', '0'),
(1517, 243, 'Sawah subur negeri makmur ', '0'),
(1518, 244, 'Perusakan alam', '1'),
(1519, 244, 'Pelestarian alam ', '0'),
(1520, 244, 'Keindahan alam ', '0'),
(1521, 244, 'Penghasilan alam ', '0'),
(1522, 245, 'Anak yang berbakti kepada orang tua', '1'),
(1523, 245, 'Ayah yang penuh perhatian', '0'),
(1524, 245, 'Anak yang menurut kepada ayah ', '0'),
(1525, 245, 'Ibu yang selalu menasehati ', '0'),
(1526, 246, 'Ridwan seorang anak yang berjiwa mulia', '1'),
(1527, 246, 'Teman-teman Ridwan sangat baik', '0'),
(1528, 246, 'Hidup Ridwan sangat enak  ', '0'),
(1529, 246, 'Bantuan Ridwan sangat bermanfaat ', '0'),
(1530, 247, 'Kegiatan pertandingan sepak bola antar SD ', '1'),
(1531, 247, 'Kegiatan sepak bola di lapangan sepak bola Kujangsari ', '0'),
(1532, 247, 'Kegiatan sepak bola yang dijuarai oleh SD Sekar Arum. ', '0'),
(1533, 247, 'Kegiatan sepak bola tingkat SD ', '0'),
(1534, 248, 'Pertandingan sepak bola menghasilkan juara ', '1'),
(1535, 248, 'Pertandingan sepak bola mengahasilkan banyak juara-juara ', '0'),
(1536, 248, 'Pertandingan sepak bola menghasilkan kejuaraan-kejuaraan', '0'),
(1537, 248, 'Pertandingan sepak bola menghasilkan para juara. ', '0'),
(1538, 249, 'Tina menuduh Susi mencuri ', '1'),
(1539, 249, 'Ria menuduh Arum mencuri ', '0'),
(1540, 249, 'Tina menuduh Ria mencuri ', '0'),
(1541, 249, 'Tina menuduh Arum mencuri ', '0'),
(1542, 250, '1/2 tablet ', '1'),
(1543, 250, '1 tablet', '0'),
(1544, 250, '3/4 tablet ', '0'),
(1545, 250, '1/4 tablet ', '0'),
(1546, 238, 'Lingkungan sehat adalah lingkungan yang bersih', '1'),
(1547, 238, 'Mereka gotong-royong hanya mencabuti rumput yang tinggi  ', '0'),
(1548, 238, 'Sebagian warga Desa Karyamukti sedang melakukan kerja bakti', '0'),
(1549, 238, 'Lingkungan kita saja yang harus dijaga kebersihannya. ', '0'),
(1550, 251, 'Keunikan burung cendrawasih ', '1'),
(1551, 251, 'Ciri-ciri burung cendrawasih', '0'),
(1552, 251, 'Perbedaan cendrawasih jantan dan betina ', '0'),
(1553, 251, 'Cendrawasih jantan lebih lincah dari betina ', '0'),
(1554, 225, 'Dimakan mentah atau dimasak ', '1'),
(1555, 225, 'Dimakan mentah tanpa dimasak ', '0'),
(1556, 225, 'Harus dimasak tidak boleh dimakan mentah ', '0'),
(1557, 225, 'Harus dimasak setelah matang', '0'),
(1558, 226, 'Apa manfaat wortel bagi kesehatan? ', '1'),
(1559, 226, 'Bagaimana cara mengkonsumsi wortel? ', '0'),
(1560, 226, 'Vitamin apa yang terkandung dalam wortel? ', '0'),
(1561, 226, 'Apa kegunaan beta karoten bagi tubuh? ', '0'),
(1562, 252, 'Burung cendrawasih ', '1'),
(1563, 252, 'Binatang', '0'),
(1564, 252, 'Keindahan alam', '0'),
(1565, 252, 'Kegemaran ', '0'),
(1566, 227, 'Untuk mengkonsumsi wortel sangatlah mudah', '1'),
(1567, 227, 'Wortel banyak mengandung beta karoten ', '0'),
(1568, 227, 'Wortel mengandung vitamin A yang tinggi ', '0'),
(1569, 227, 'Wortel mengandung beta karoten ', '0'),
(1574, 233, 'Wida ', '1'),
(1575, 233, 'Yusi  ', '0'),
(1576, 233, 'Santi ', '0'),
(1577, 233, 'Ibu Wida ', '0'),
(1578, 234, 'Siang hari ', '1'),
(1579, 234, 'Pagi hari ', '0'),
(1580, 234, 'Sore hari ', '0'),
(1581, 234, 'Malam Hari ', '0'),
(1582, 235, 'Kita harus peduli kepada sesama teman ', '1'),
(1583, 235, 'Jika tidak masuk sekolah harus mengirim surat ', '0'),
(1584, 235, 'Dalam kehidupan sehari-hari harus memiliki sahabat ', '0'),
(1585, 235, 'Teman yang sakit harus ditengok jika ada waktu ', '0'),
(1586, 253, 'Pelajarilah keunikan burung cendrawasih', '1'),
(1587, 253, 'Syukurilah ciptaan Tuhan ini', '0'),
(1588, 253, 'Peliharalah cendrawasih dengan kasih sayang ', '0'),
(1589, 253, 'Jangan bunuh cendrawasih secara liar ', '0'),
(1590, 254, 'Bunga mawar warnanya indah, harum, dan banyak yang suka walaupun berduri ', '1'),
(1591, 254, 'Mawar bunga yang indah dan harum, banyak orang yang menyukainya', '0'),
(1592, 254, 'Pohon mawar penuh dengan duri, tetapi banyak orang yang suka padanya', '0'),
(1593, 254, 'Mawar bunga yang indah, harum, dan pohonnya berduri ', '0'),
(1594, 255, 'Dilihat', '1'),
(1595, 255, 'Diperhatikan ', '0'),
(1596, 255, 'Dilirik', '0'),
(1597, 255, 'Diteliti ', '0'),
(1598, 256, '2), (1), (3), (5), (4)', '1'),
(1599, 256, '(2), (1), (5), (3), (4)', '0'),
(1600, 256, '(2), (3), (1), (5), (4)  ', '0'),
(1601, 256, '(5), (5), (3), (3), (4) ', '0'),
(1602, 257, '1/2 tablet ', '1'),
(1603, 257, '1 tablet ', '0'),
(1604, 257, '1/4 tablet ', '0'),
(1605, 257, '3/4 tablet ', '0'),
(1606, 258, '(3), (1), (4), (2)', '1'),
(1607, 258, '(2), (1), (3), (4)', '0'),
(1608, 258, '(2), (4), (3), (1) ', '0'),
(1609, 258, '(3), (1), (2), (4) ', '0'),
(1610, 259, 'Paman pergi ke dokter karena sakit demam berdarah ', '1'),
(1611, 259, 'Paman pergi kedokter dan sakit dengan berdarah', '0'),
(1612, 259, 'Paman pergi ke dokter, tetapi sakit demam berdarah ', '0'),
(1613, 259, 'Paman pergi ke dokter walaupun sakit deman berdarah ', '0'),
(1614, 260, 'Walaupun', '1'),
(1615, 260, ' Tetapi ', '0'),
(1616, 260, 'Supaya', '0'),
(1617, 260, ' Sebab ', '0'),
(1618, 261, ' Kami menghimbau Bapak/Ibu dapat hadir tepat waktu ', '1'),
(1619, 261, 'Saya berharap saudara dapat hadir sangat-tepat waktu', '0'),
(1620, 261, 'Kami mengharapkan Bapak/Ibu berkenan hadir tepat waktu ', '0'),
(1621, 261, 'Saya menghimbau Anda semua dapat hadir tepat waktu ', '0'),
(1622, 262, 'Tanda titik (.) ', '1'),
(1623, 262, 'Tanda Tanya (?)', '0'),
(1624, 262, 'Tanda seru (!) ', '0'),
(1625, 262, 'Tanda titik dua (:) ', '0'),
(1626, 263, 'Baiklah, biar aku yang jemput kamu. ', '1'),
(1627, 263, 'Waduh, aku lupa Dar! ', '0'),
(1628, 263, 'Ya sudah, kita tunggu saja di sini! ', '0'),
(1629, 263, 'Baiklah, kamu memang teman baik. ', '0'),
(1634, 239, 'Bersama-sama ', '1'),
(1635, 239, 'Sukarela', '0'),
(1636, 239, 'Tanpa pamrih ', '0'),
(1637, 239, 'Sendiri-sendiri ', '0'),
(1638, 240, 'Bermalas-malasan ', '1'),
(1639, 240, 'Bergelora-gelora', '0'),
(1640, 240, 'Berkabar-kabar', '0'),
(1641, 240, 'Bersepi-sepi ', '0'),
(1646, 264, '4', '1'),
(1647, 264, '2', '0'),
(1648, 264, '3', '0'),
(1649, 264, '1', '0');

-- --------------------------------------------------------

--
-- Table structure for table `tb_soal`
--

CREATE TABLE IF NOT EXISTS `tb_soal` (
  `id_soal` int(11) NOT NULL AUTO_INCREMENT,
  `id_paket` int(11) NOT NULL,
  `soal` text NOT NULL,
  PRIMARY KEY (`id_soal`)
) ENGINE=InnoDB AUTO_INCREMENT=265 DEFAULT CHARSET=latin1;

--
-- Dumping data for table `tb_soal`
--

INSERT INTO `tb_soal` (`id_soal`, `id_paket`, `soal`) VALUES
(13, 4, 'Perhatikan petunjuk pemakaian obat berikut!\r\n\r\nOBAT BATUK\r\n Dosis :\r\nDewasa = 1 sendok makan 1 x sehari\r\nWanita hamil = 1 sendok makan 1 x sehari\r\nAnak-anak sd 12 th = ½ sendok makan 1 x sehari\r\n\r\nAmira sakit batuk. Amira berusia 7 tahun. Petunjuk  penggunaan obat yang sesuai untuk Amira adalah ....\r\n'),
(14, 4, 'Perhatikan surat pembaca berikut!\r\n	\r\nBerawal ketika saya membeli motor ketika Pameran PRJ berlangsung (bulan Juni), dengan harapan motor tersebut akan lebih murah dan banyak diskon serta hadiah. Berbagai penawaran menarik diberikan oleh sales marketing PT.ATR (dealer Resmi Motor X)yang bernama Eko R. Mulai dari potongan harga,hadiah langsung , hadiah undian, dan sebagainya.\r\n	Ketika survei ke rumah (bulan Agustus), kami cukup terkejut karena orang PT.ATR mengatakan bahwa paket PRJ tidak bisa digunakan karena PRJ harganya murah. Cukup bingung juga saya bagaimana dengan koordinasi kerjasama antara Dealer sekelas Motor X dengan pihak Leasing se-terkenal PT. ATR\r\n\r\nKalimat saran yang tepat untuk rubrik tersebut adalah ....\r\n'),
(15, 4, 'Diumumkan kepada siswa kelas 4 SD Suka Maju, bahwa untuk menjaga kebersihan lingkungan kelas, akan diadakan kegiatan kerja bakti. Kegiatan akan dilaksanakan pada tanggal 22 September 2012.\r\n\r\nCuplikan pengumuman tersebut berisi ....\r\n'),
(16, 4, 'Bacalah paragraf berikut dengan cermat!\r\nSiswa kelas VI bersemangat mengikuti pembelajaran. Mereka memperhatikan penjelasan yang diberikan guru dengan seksama. Hal tersebut menjadikan siswa memahami materi dengan baik. Siswa pun aktif bertanya kepada guru jika mereka belum paham.\r\nKalimat utama paragraf di atas adalah ....\r\n'),
(17, 4, 'Pahami percakapan berikut!\r\nWahyu	: “Fan, kapan latihan marching band kita diadakan?”\r\nIrfan		: “Hari Kamis sore, jam 14.00 WIB.”\r\nWahyu	: “Besok kita berangkat bersama-sama, ya, Fan?”\r\n\r\nSimpulan percakapan di atas adalah ....\r\n'),
(18, 4, ' Gangnam style adalah suatu tarian yang dipopulerkan oleh anak-anak dari Korea. Sebenarnya tarian ini merupakan sindiran bagi remaja di daerah korea yang bergaya hidup serba mewah. Namun, tarian gangnam style yang yang masuk ke negara lain ditarsirkan sebagai sebuah gerakan olahraga, termasuk di Indonesia. Anak-anak di Indonesia memanfaatkan tarian ini selainsebagaikeseniantetapijugauntuk olahraga yang membuat badan sehat.\r\nPeribahasa yang tepat berdasarkan ilustrasi tersebut adalah ....'),
(19, 4, 'Indah, Dani, Silvi, dan Amar akan mengerjakan tugas kelompok bersama. Mereka diberi tugas untuk membuat kerajinan tangan dari bambu. Mereka sudah menyepakati tugas masing-masing. Indah dan Silvi mendapat tugas membawa pisau dapur, Dani dan Amar bertugas membawa sepotong bambu. Indah, Silvi, dan Dani membawa tugas masing-masing. Namun, Amar tidak membawa bambu yang ditugasinya. Bahkan, saat ditanya oleh teman-temannya, Amar berkata bahwa dia tidak mendapatkan tugas apapun.\r\nBerdasarkan ilistrasi tersebut, watak Amar dapat disamakan dengan ungkapan ....'),
(20, 4, 'Ada salam dari si Puji\r\nSalam manis untuk semua\r\nSiang malam belajar mengaji\r\nAgar pandai ilmu agama\r\nAmanat yang terkandung dalam pantun tersebut adalah ....\r\n'),
(21, 4, 'Teks 1\r\nPenebangan hutan secara sembarangan mengakibatkan rusaknya lingkungan. Pada musim hujan terjadi tanah longsor dan banjir karena air tidak diserap oleh tumbuhan. Selain itu, hewan-hewan kehilangan tempat tinggal. Akibatnya, hewan-hewan itu merusak tanaman petani di ladang dekat hutan, bahkan menyerang manusia.\r\nTeks 2\r\nHutan harus dilindungi. Merawat dan melindungi hutan yang gundul merupakan perbuatan yang bisa menyelamatkan manusia. Selain itu, makluk hidup yang tinggal di hutan tidak kehilangan tempat tinggal. Sementara itu, penebangan hutan secara sembarang  mengakibatkan rusaknya lingkungan. \r\n\r\nPersamaan kedua teks diatas adalah....\r\n'),
(22, 4, 'Cermati puisi berikut!\r\nRumahku\r\nRumahku ….\r\nMungil di ujungjalan\r\nBukan gedung\r\nTapi indah bersih tiada cela\r\nAkusuka\r\nBahagia Hatiku tinggal di rumah mungilku\r\n(Dikutip dari Bahasa Indonesia Kelas V, Erlangga)\r\n\r\nIsi puisi di atasadalah ….\r\n'),
(23, 4, 'Perhatikan!\r\nDitengah jalan Reno melihat anak kecil sebayanya sedang mengais sampah sisa makanan yang tampak pucat kelaparan. Di tangannya terdapat sepotong roti. Anak tersebut berjalan menuju ke sebuah pohon, di sana sudah menunggu ibunya yang  tampak lemah karena beberapa hari tidak makan. Reno berpikir jika tidak menolong ibu itu, dia  bisa meninggal. Reno merasa iba, kemudian menghampiri mereka dengan membawakan makanan.\r\n\r\nSimpulan paragraf tersebut adalah…..\r\n'),
(24, 4, 'Satpam Bank	:”Selamat pagi Bu,ada yang bisa saya bantu?”\r\nFarah		:”Selamat pagi, maaf saya ingin menabungdalambentuk ATM .”  \r\nSatpam Bank	:”Oh,tentu saja bisa,Bu, silakan mengisi formulir ini,lalu tandatangan  di kanan bawah!”\r\nFarah		:”Kira-kira berapa hari  jadinya?”\r\nSatpam Bank	:”Hariinijadi, Bu, silakantunggusebentar !.”\r\nFarah		:”Baiklah, terima kasih!“\r\nTopik percakapan tersebut adalah……\r\n'),
(25, 4, 'Perhatikan petunjuk caramembuat agar-agar berikut!\r\n1.	Tuangkan 450 ml air ke dalam panci yang berisi serbuk agar-agar.\r\n2.	Masukkan serbuk agar-agar ke dalam panci.\r\n3.	Masak di atas api sedang sampai mendidih. \r\n4.	Jika sudah dingin lepaskan agar-agar dari cetakan. \r\n5.	Jika sudah mendidih, tuangkan ke dalam cetakan. \r\n6.	Tambahkan gula pasir sesuai selera. \r\nUrutan pembuatan agar-agar yang tepat adalah ....\r\n'),
(27, 4, '1) Baju ibuku bagus.\r\n2) Baju ibuku mahalharganya.\r\n\r\nKata hubung yang tepat untuk menggabungkan kedua kalimat tersebut adalah ....\r\n'),
(28, 4, 'Suasana desaku tetapramai... listrik padam.\r\nKata hubung yang tepat untuk melengkapi kalimat tersebut adalah ....\r\n'),
(29, 4, 'Cermati penggalan surat undangan berikut!\r\nDengan hormat,\r\n	Mengharap kehadiran Bapak/Ibu dalam acara Pelatihan Penyusunan Silabus dan RPP Berkarakter yang akan diselenggarakan pada : \r\nhari, tanggal	: Senin, 17 September 2012\r\nwaktu	: Pukul 09.00 – 14.00 WIB\r\ntempat	: Aula Kantor Kemenag\r\n\r\nKalimat efektif untuk melengkapi penutup surat tersebut adalah ....\r\n'),
(30, 4, 'Perhatikan penggalan surat berikut!\r\nMengharap kehadiran orang tua murid dalam acara Rapat Persatuan Orang Tua Murid dan Guru SD Banjarsari pada:\r\nhari, tanggal	: Sabtu, 22 September 2012\r\nwaktu	: 13.00 sd 15.00 WIB\r\n\r\nPenulisan singkatan kata yang bergaris bawah yang tepat adalah ....\r\n'),
(31, 4, 'Perhatikan cuplikan pengumuman berikut!\r\n\r\n		PENGUMUMAN\r\n	      Diberitahukan kepada seluruh siswa kelas 5 – 6 SD Negeri Pati 2 bahwa akan diadakan sosialisasi asrama siswa pada hari ini Kamis, 20 September 2012pukul 10.00 WIB. Sosialisasi akan … oleh Bapak Sabar Munanto. Siswa diharuskan kumpul tepat waktu.\r\n\r\nKata yang tepat untuk melengkapi penggalan pengumuman tersebut adalah ....\r\n'),
(32, 4, 'Perhatikan dialog berikut!\r\nAnita	: “Sus, besok kan madrasah kita akan mengadakan persami. Kita satu regu, lho. Kamu membawa tikar, ya?”\r\nSusi	: “Iya, aku tahu kita satu kelompok, tetapi maaf, Ta, aku sepertinya tidak ikut Persami.”\r\nAnita	: “Mengapa kamu tidak ikut persami, Sus?”\r\nSusi	: “Aku harus menemani ayahku yang sedang dirawat di rumah sakit.”\r\nAnita	: “Ya,baiklah. ....”\r\nSusi	: “Terima kasih, Ta.”\r\n\r\nKalimat yang diucapkan oleh Anita pada dialog rumpang di atas adalah ....\r\n'),
(33, 4, 'Perhatikan ilustrasi berikut!\r\n\r\nPada hari Senin, 15 September 2012 Mutia Nadia mendaftar menjadi anggota Sanggar Tari Lintang Terang. Dia lahir di Purbalingga, tepat saat HUT Indonesia tahun 2002. Dia adalah anak dari pasangan suami istri, Bapak Priyatno dan Bu Isnaeni. Mutia bersekolah di SD As Salam kelas V. Dia bertempat tinggal di Jalan Ahmad Yani 15E.\r\nFORMULIR PENDAFTARAN\r\nSANGGAR TARI “LINTANG TERANG”\r\nNama			: ..................... (1)\r\nTempat, tanggal lahir	: ..................... (2)\r\nAlamat			: ..................... (3)\r\nKelas / Sekolah		: ..................... (4)\r\nNama bapak		: ..................... (5)\r\n\r\nData yang tepat untuk mengisi nomor (2) dan (5) adalah ....\r\n'),
(35, 4, 'Perhatikan kutipan laporan pengamatan berikut!\r\n\r\nLAPORAN PENGAMATAN\r\nNama kegiatan	: Mengamati Benda Bersejarah\r\nLokasi	kunjungan	: Keraton Kasunanan Surakarta\r\nPeserta			: Siswa Kelas VI SD Sukadana\r\nPelaksanaan		: Minggu, 10 Maret 2012\r\nWaktu			: Pukul 09.00 - selesai\r\nHasil 			: Keraton Kasunanan Surakarta memiliki peninggalan benda- benda bersejarah, yaituGamelan, Keris, Gerabah dan Wayang kulit. Benda peninggalan bersejarah tersebut dijaga dan dirawat dengan baik. Benda-benda tersebut saat ini tersimpan dengan baik di keraton ini.\r\n\r\nPenulisan kata bercetak miring pada laporan di atas salah, perbaikannya adalah ....\r\n'),
(36, 4, 'Cermati data hasil penelitian berikut!\r\n\r\nDATA HASIL KUNJUNGAN\r\nHari, tanggal		: Selasa, 7 Agustus 2012\r\nWaktu			: Pukul 08.00 – 12.00 WIB\r\nObjek kunjungan	: Pabrik pengolahan gula pasir di Tasikmadu\r\nTujuan kunjungan	: ….\r\nPeserta			: Siswa kelas VI SD Sukamaju\r\n\r\nKalimat yang sesuai untuk melengkapi laporan tersebut adalah ....\r\n'),
(37, 4, 'Kalau piknik di tepi pantai,\r\npulanglah sebelum hari senja.\r\n....\r\n....\r\n\r\nBaris yang tepat untuk melengkapi pantun tersebut adalah ....\r\n'),
(38, 4, 'Bacalah cuplikan laporan berikut dengan saksama!\r\n\r\nWarga Desa Tambahmulya mengadakan berbagai jenis lomba untuk memperingati HUT ke-67 Republik Indonesia. Berbagai lomba yang di adakan antara lain lomba balap karung, makan kerupuk, panjat pinang, dan memasukkan pensil kedalam botol. Lomba ini bertujuan untuk meningkatkan rasa nasionalisme dan sportivitas semua peserta.\r\nPenulisan ejaan yang tepat pada kalimat yang bercetak miring adalah ....\r\n'),
(39, 4, 'Desa Tawangmangu adalah desa yang berada di Kabupaten Karanganyar. Desa Tawangmangu sangat nyaman. Suasana kehidupan masyarakat berjalan dengan damai. Warga di desa ini menjunjung tinggi toleransi antarumat beragama. Kalimat yang tepat untuk melengkapi paragraf rumpang di atas adalah ....'),
(41, 4, 'Bacalah rubrik surat pembaca berikut!\r\nPantai Kenjeran merupakan pantai yang sangat indah. \r\nSayangnya, para pengunjung mengeluhkan minimnya fasilitas umum \r\ndan kebersihan dari pantai tersebut\r\n\r\nKalimat saran yang sesuai dengan rubrik surat pembaca di atas adalah . . . .\r\n'),
(42, 4, 'Bacalah cuplikan pengumuman berikut ini!\r\nPengumuman\r\nHadirilah! Pameran Pendidikan SD Negeri Sidotopo \r\npada tanggal 17-19 Februari 2013, pukul 09.00-15.00. \r\nHanya dengan tiket masuk Rp 5.000,- anda bisa menikmati \r\npenemuan-penemuan termutakhir abad ini.\r\nJangan sampai terlewatkan!\r\nIsi cuplikan pengumuman tersebut adalah  . . . .\r\n'),
(43, 4, '(1) Bongkahan batu-batu granit berukuran besar menjadi cirri khas pantai-pantai di Belitung.  (2)Batu-batu itu beraneka bentuk yang tersebar di pantai. (3) Keberadaan batu-batu itu memperindah keindahan di sepanjang pantai. (4) Apalagi ditambah pasir putih yang bersih pada siang hari.\r\nKalimat utama pada paragraph di atas pada kalimat  …………………\r\n'),
(44, 4, 'Bacalah teks percakapan berikut !\r\nNindya      :    Nan, hari ini ada acara atau tidak ?\r\nNani          :    Tidak, kenapa ?\r\nNindya      :    Mau ikut aku cari kado, tidak ? Setelah itu kita ke toko buku.\r\nNani          :    Cari kado untuk siapa ?\r\nNindya      :    Untuk temanku. Besok dia ulang tahun dan aku diundang ke rumahnya.\r\nNani          :     Kita mau berangkat jam berapa ?\r\nNindya      :     Setelah makan siang saja, bagaimana ?\r\nNani          :     Baiklah!\r\nKesimpulan teks percakapan di atas adalah .....\r\n'),
(45, 4, 'Bacalah paragraf berikut !\r\nSungguh terpuji sikap Putri. Selama ini ia dikenal sebagai anak yang pintar. Sudah sejak kelas I Putri selalu menjadi juara I. Selain berprestasi di sekolah., Putri juga punya prestasi di bidang olah raga. Namun, prestasi yang dicapainya ini tidak membuat Putri tinggi hati. Justru Putri semakin rendah hati.\r\nPeribahasa yang sesuai dengan ilustrasi di atas adalah ...\r\n'),
(46, 4, 'Andhika sangat ingin menjadi juara Lari Maraton. Pada saat mengikuti Pekan Olahraga Nasional, Andhika berjuang sekuat tenaga untuk dapat menjadi peserta yang pertama sampai di garis finis. Namun sayang, ternyata ada peserta yang lebih tangguh dan dapat mendahuluinya. Akhirnya, Andhika pun kalah dan dia menerima kekalahan tersebut dengan ikhlas.\r\nUngkapan yang tepat untuk menggambarkan perasaan Andhika adalah ...\r\n'),
(47, 4, 'Bacalah pantun berikut !\r\nKemumu di dalam semak,\r\nJatuh melayang selarahnya.\r\nMeski ilmu setinggi tagak,\r\nTidak sembahyang apa gunanya.\r\n\r\nPesan yang terkandung dalam pantun tersebut adalah ...\r\n'),
(48, 4, 'Bacalah kedua teks berikut !\r\n\r\nTeks 1\r\n	Banyak petani di desa Suka Maju, yang resah jika musim kemarau panjang datang. Karena sebagian besar lahan pertanian mereka adalah sawah tadah hujan. Sehingga jika tidak ada hujan, sawah akan mengalami kekeringan dan tidak bisa ditanami. Akibatnya, para petani banyak yang menganggur.\r\n\r\n\r\n\r\nTeks 2\r\n	Kelangkaan air yang terjadi akibat kemarau panjang membuat warga desa Kembang Arum menjadi resah. Sejumlah bendungan dan waduk yang menjadi sumber mata air kini airnya telah menyusut. Bahkan sudah banyak persawahan yang mengering.\r\n\r\nPersamaan kedua teks tersebut adalah...\r\n'),
(49, 4, 'Bacalah puisi ini !\r\n\r\nTanyaku \r\n\r\nTuhan...\r\nKe mana udara bersih itu?\r\nSemua telah bercampur asap dan polusi\r\nHanya menyesakkan dada\r\nTuhan...\r\nKe mana kesejukan pepohonan?\r\nSemua berganti bangunan kokoh\r\nMerusakkan bumi kami\r\nTuhan...\r\nMaafkanlah kami...\r\nBeri kami kesempatan\r\nUntuk memelihara bumi kami\r\n\r\n			Oleh: Dessy Fitriani Putri\r\n  (Sumber: Bobo Tahun XL Nomor 30, 1 November 2012)\r\n\r\nIsi puisi di atas adalah ... .\r\n'),
(50, 4, 'Bacalah cerita berikut !\r\nSiang itu sepulang sekolah, aku dan saudaraku berhasil membuat puding buah melon. Senyum puas menghiasi wajah kami karena kami berhasil membuat puding kesukaan mama. Ketika akan menaruhnya \r\ndi atas meja, tiba-tiba..."Praaaaang!" Aku, Dina kakakku, dan Retno adikku terkejut bukan kepalang. Karena ketidak hati-hatianku,  kaca meja di ruang tamu pecah berantakan di lantai. Kami semua termangu. Terkejut, bingung, dan takut menyelimuti benak kami masing-masing.\r\n\r\nKesimpulan cerita di atas adalah ... .\r\n'),
(52, 4, 'Siswa-siswa kelas VI SDN Seruyu berlatih mengarang untuk membuat majalah dinding. Mereka dilatih oleh seorang wartawan yang bernama Pak Amar. Hasil karangan Eky merupakan karangan terbaik dan akan dipajangkan pada majalah dinding edisi pertama.\r\nRingkasan yang tepat untuk paragraf diatas adalah...\r\n'),
(54, 4, '1)	Ia tidak menghabiskan seluruh uang sakunya.\r\n2)	Sofia anak yang hemat.\r\n3)	Ia memasukkan sebagian uang sakunya ke celengan.\r\n4)	Setiap pagi ia diberi uang saku oleh ibunya.\r\nSusunan kalimat yang tepat agar menjadi paragraf yang padu adalah …'),
(55, 4, 'Ali rajin belajar.\r\nAli menjadi juara kelas.\r\n\r\nKedua kalimat tersebut jika disusun menjadi kalimat majemuk adalah ….\r\n'),
(59, 4, 'Ulangan tersebut akan dilaksanakan pada hari Senin tanggal 9 Maret 2014. Materi yang akan diujikan adalah BAB VII–IX. Semua siswa kelas VI harap mempersiapkan diri. \r\n\r\nKalimat yang tepat untuk mengawali pengumuman di atas adalah   ...\r\n'),
(60, 4, 'Angga	:	“Selamat siang, Pak !”\r\nPolisi	:	“Ya, selamat siang. Ada apa, Nak ?”\r\nAngga	:	“Saya menemukan dompet di jalan, Pak.”\r\nPolisi	:	“   ..............................  “\r\nAngga	:	“Baik, Pak Polisi. Terima kasih.”\r\n\r\nKalimat yang tepat untuk melengkapi dialog di atas adalah   ...\r\n'),
(62, 5, 'Hasil dari (4.865 – 3.560) x 45 adalah ….'),
(63, 5, 'Pak Sumardi mempunyai 42 kotak pensil. Tiap kotak berisi 24 buah pensil. Pensil tersebut diberikan kepada siswa yang kurang mampu sebanyak 635 buah. Sisa pensil pak Sumardi adalah … buah'),
(64, 5, 'Hasil dari ((-84) – 48) : 12 adalah ....'),
(65, 5, 'Kelipatan Persekutuan Terkecil (KPK) dari 72 dan 60 adalah ....'),
(66, 5, 'Persekutuan Terbesar ( FPB ) dari 168 , 224 , dan 336 adalah '),
(67, 5, 'Rani berlatih kulintang setiap 6 hari sekali. Nano berlatih setiap 14 hari sekali. Kedua anak berlatih bersama pertama kali tanggal 18 Maret 2013. Mereka akan berlatih bersama lagi pada tanggal….'),
(68, 5, 'Sebuah kegiatan outbound diikuti oleh 84 peserta laki-laki dan 60 peserta perempuan. Panitia akan membagi peserta menjadi   beberapa kelompok laki-laki dan perempuan dengan jumlah masing- masing sama. Jumlah peserta laki-laki di masing-masing kelompok adalah … orang'),
(69, 5, 'Hasil dari 17^2   + 23^2   adalah ….'),
(70, 5, 'Dinas Pekerjaan Umum (DPU) akan mengaspal jalan sepanjang 4.500 meter di tiga desa.  Panjang jalan desa A adalah 2,4 km, desa B adalah 7,6 hm, sedangkan sisanya di desa C.  Panjang jalan desa C yang akan diaspal DPU adalah …  m.'),
(71, 5, 'Debit saluran air di kolam renang 240 m/jam. Jika  kolam  renang  tersebut  berukuran  20 m x 18 m x 2 m, maka waktu yang dibutuhkan untuk mengisi air pada kolam renang tersebut adalah … menit '),
(72, 5, 'Sebuah toko sembako mempunyai persediaan beras 15,2 ton. Toko tersebut mendistribusikan beras kepada dua penjual beras masing-masing 5.700 kg dan 76 kuintal. Sisa beras di toko sembako adalah … kg'),
(73, 5, 'Jarak antara kota A dan B 180 km. Ali  mengendarai sepeda motor dari kota A ke kota B pukul 07.25 dengan kecepatan 45 km/jam. Pada saat yang bersamaan Yusuf mengendarai sepeda motor dari kota B ke kota A dengan kecepatan 55 km/jam. Jika mereka melalui jalan yang sama dan lancar, maka mereka akan berpapasan pada pukul'),
(74, 5, 'Jarak kota  A dan kota  B  adalah  5,5 cm . Jika perbandingan  skala 1 : 2.500.000 , maka jarak kota A  dan  kota   B  sebenarnya … km'),
(75, 5, 'Faktor Persekutuan Terbesar (FPB) dari 72 dan 168 adalah ….'),
(76, 5, 'Rama berlatih renang setiap 3 hari sekali. Nando berlatih setiap 7 hari sekali. Kedua anak berlatih bersama pertama kali tanggal 15 September 2012. Mereka akan berlatih bersama pada tanggal….'),
(77, 5, 'Pak Ahmad akan membagikan 72 sarung dan 99 selimut. Kedua barang itu akan dimasukkan dalam beberapa kantong dengan jumlah yang sama. Setiap kantong akan berisi ….'),
(78, 5, 'Sebuah bak mandi berukukuran 80 cm, 50 cm  dan 50 cm. Karena bocor dalam 20 menit air masih sisa 50 dm³. Jadi debit air yang bocor adalah … dm3/menit'),
(79, 5, 'Jarak obyek wisata Baturraden dengan Kota Purwokerto 15 km. Andi dari kota Purwokerto ke obyek wisata Baturraden naik sepeda motor dengan kecepatan 45 km/jam. Jika Andi berangkat pukul 08.15 maka dia akan sampai di obyek wisata tersebut pada pukul ….'),
(80, 5, 'Suatu bangun datar mempunyai ciri-ciri sebagai berikut:\r\nMempunyai dua pasang sisi yang sejajar dan sama panjang\r\nSudut yang berhadapan sama besar\r\nBangun datar tersebut adalah ….\r\n'),
(81, 5, 'Sebuah akuarium berbentuk balok dengan panjang 78 cm, lebar 64 cm, dan tinggi 50 cm. Volume akuarium tersebut adalah … cm2'),
(82, 5, 'Hasil panen ikan gurameh di kolam Pak Joko (dalam kg) adalah sebagai berikut :\r\n15, 14, 16, 15, 18, 18, 17, 26, 16, 15\r\nMedian dari data di atas adalah ….\r\n'),
(83, 5, 'Dari 90 balita yang ditimbang berat badannya, ada 18 anak beratnya 10 kg, 17 anak 11 kg, 21 anak 12 kg, 22 anak 13 kg dan sisanya 14 kg. Modus nilai dari data tersebut adalah ….'),
(84, 5, 'Seluruh peserta diklat akan disediakan 60 kamar hotel. Setiap kamar dihuni oleh 2 orang. Dalam pembagian tugas, panitia akan membagi menjadi 12 kelompok. Setiap kelompok terdiri dari ... orang.'),
(85, 5, 'Perbandingan berat badan A, B, dan C adalah  3 : 4 : 7 . Jika jumlah umur B  dan  C    adalah 33 tahun, maka umur A adalah … tahun'),
(86, 5, 'Yusuf dapat mengetik satu halaman naskah cerita dalam waktu 8 menit sedangkan Azis dalam waktu 12 menit. Jika Yusuf dan Azis pada pukul 08.30 dapat selesai bersamaan maka mereka akan dapat menyelesaikan pengetikan secara bersamaan lagi pada pukul ....'),
(87, 5, 'Pada amal bakti hari raya Idul Fitri Madrasah Ibtidaiyah membagikan bingkisan kepada siswa yang kurang mampu berupa 72 botol sirup dan 96 bungkus mie. Jika diberikan kepada siswa dengan jumlah yang sama dan jenis yang sama, maka jumlah siswa yang menerima paling banyak ada ... anak'),
(88, 5, 'Sebuah penampungan air berbentuk kubus, mampu menampung air sebanyak 12.167 dm3. Panjang rusuk penampungan air tersebut adalah … dm'),
(89, 5, 'Siswa kelas VI mengerjakan ulangan matematika diberi waktu 120 menit. Yuda dapat menyelesaikan soal pilihan ganda dalam waktu 1 jam, soal isian 900 detik, dan sisanya untuk mengerjakan soal uraian. Waktu untuk menyelesaikan soal uraian adalah … menit'),
(90, 5, 'Sebuah tangki air berisi 6000 liter. Air itu dialirkan melalui pipa selama 40 menit. Debit air yang mengallir tersebut adalah ... liter/menit'),
(91, 5, 'Pada hari Minggu Andi pergi ke obyek wisata yang berada di daerahnya. Apabila Andi berangkat dari rumah naik sepeda motor pada pukul 07.00 dengan kecepatan 60 km/jam dan sampai di sana pukul 10.00 maka jarak antara rumahnya dengan obyek wisata adalah ... km'),
(92, 5, 'Suatu bangun datar dengan ciri-ciri sebagai berikut:\r\n Mempunyai sepasang sisi yang sejajar\r\n Mempunyai sepasang sisi yang sama panjang\r\nBangun datar yang dimaksud adalah ....\r\n'),
(93, 5, 'Andi mempunyai tempat kelereng yang berbentuk kubus dengan jari-jari 15 cm. Volume kotak kelereng Andi adalah … cm3'),
(94, 5, 'Berat badan 6 pemain voli sebagai berikut (dalam kg) : 60, 68, 61, 65, 50, 44. \r\nRata-rata berat badan pemain voli tersebut adalah ... kg\r\n'),
(95, 5, 'Hasil penjualan kecap di kios Bu Warti (dalam satuan botol) adalah sebagai berikut:\r\n9, 4, 10, 9, 6, 7, 7, 10, 11, 5, 10, 10\r\nMedian dari data di atas adalah ....\r\n'),
(96, 5, 'Di rumah Aida terdapat 4 jenis buku bacaan yang berjumlah 177 buku. Terdiri dari 39 buku cerita, 45 majalah, 41 koran, dan sisanya novel.  Modus jenis buku yang terdapat dirumah Aida adalah ….'),
(97, 5, '100.000 – 5.875 + 10.002 : 3 =… '),
(98, 5, 'Hasil dari 1.068.201 – 376 x 25 adalah… '),
(99, 5, 'Ibu Redy mempunyai uang sebesar Rp42.500,00. Uang tersebut digunakan untuk membeli gula Rp14.500,00, kopi Rp17.500,00. Sisa uang ibu Redy sekarang adalah ….'),
(100, 5, 'Tiga orang bersaudara menyewakan toko dengan harga Rp3.500.000,00 per bulan. Setelah satu tahun hasil sewa tersebut dibagi sama. Setiap orang akan menerima bagian sebesar ….'),
(101, 5, 'KPK dari 108, 36 dan 27 adalah… .'),
(102, 6, 'Ciri khusus tanaman kantong semar adalah mengeluarkan aroma manis (nektar) dengan tujuan'),
(103, 6, 'Antena yang terdapat pada bagian kepala semut berfungsi untuk'),
(104, 6, 'Perhatikan beberapa tumbuhan di bawah! \r\n- Bambu\r\n- Tebu \r\n- Jagung \r\n- Kangkung\r\n\r\nTumbuhan - tumbuhan di atas digolongkan dalam satu kelompok berdasarkan'),
(105, 6, 'Jahe, kunyit, kencur adalah contoh tanaman yang dapat dimanfaatkan untuk bahan…'),
(106, 6, 'Tujuan dari pelestarian budi daya anggrek hitam adalah… '),
(107, 6, 'Tumbuhan kentang berkembang biak dengan cara…'),
(108, 6, 'Berikut ini pernyataan yang benar tentang pengaruh kegiatan manusia terhadap keseimbangan lingkungan adalah ... '),
(109, 6, 'Perhatikan tabel berikut ini! \r\nJaringan | Fungsi \r\n\r\n1. Xilem | P. Pengangkut hasil fotosintesis dari daun \r\n2. Floem | Q. mengangkut larutan zat hara dari akar \r\n3. korteks | R. melindungi jaringan tiang \r\n4. Epidermis | S. memperkokoh tumbuhan \r\n\r\nPasangan nama jaringan pada batang tumbuhan dan fungsinya yang benar adalah ... '),
(110, 6, 'Badak bercula satu perlu dilestarikan. Tujuan utama pelestarian hewan tersebut adalah ... '),
(111, 6, '10. Perhatikan tabel berikut! \r\nNo. 	| Perkembangan fisik manusia \r\n1. 	| Kulit mulai keriput \r\n2. 	| Jumlah gigi 32 buah \r\n3. 	| Tumbuh kumis \r\n4. 	| Rambut mulai memutih \r\n5. 	| Jakun membesar \r\n6. 	| Gigi lepas tidak tumbuh lagi \r\n7. 	| Gigi lepas dapat tumbuh lagi \r\n8. 	| Tinggi badan tidak bertambah \r\n\r\nCiri-ciri perkembangan fisik masa pubertas dan masa dewasa yang benar adalah ... '),
(112, 6, 'Perhatikan rantai makanan di bawah ini! \r\nLumut > ikan > ular > elang \r\nPada rantai makanan di atas elang berperan sebagai ...'),
(113, 6, '12. Perhatikan data berikut! \r\n(1) Beruang kutub (5) Jagung \r\n(2) Hiu (6) Tebu \r\n(3) Sapi (7) Kedelai \r\n(4) Penguin (8) Padi \r\n\r\nDasar pengelompokan hewan dan tumbuhan yang tepat adalah ... '),
(114, 6, 'Perhatikan tabel berikut! \r\nNama Hewan 	| Manfaat untuk kesehatan manusia \r\n\r\nI. Walet | E. Obat penyakit hepatitis \r\nII. Cacing tanah | F. Kesehatan kulit \r\nIII. Kutu rambut | G. pengendali kadar gula darah \r\nIV. Undur-undur (semut singa) | H. obat penyakit tipus \r\nPasangan nama hewan dan manfaat untuk kesehatan manusia yang benar adalah ... '),
(115, 6, 'Perhatikan tabel berikut \r\nJenis | Cara pencegahan \r\n1. Tbc  | P. tidak memakai handuk bergantian dengan penderita \r\n2. Herpes | Q. menjaga kebersihan makanan \r\n3. Trachoma | R. tidak meminum sisa minuman penderita \r\n\r\n4. Diare | S. menghindari bertatap muka terlalu dekat \r\n\r\nPasangan jenis penyakit dan cara pencegahan yang benar adalah ..'),
(116, 6, 'Perhatikan tabel! \r\nNama Tumbuhan || Bentuk adaptasi || Tujuan \r\n\r\n1. Teratai || P. Daun tipis dan lebar || I. mempercepat penguapan \r\n\r\n\r\n2. Kaktus || Q. meranggas || II. mengurangi penguapan \r\n\r\n\r\n3. Eceng gondok || R. batang berduri || III. Persediaan udara \r\n\r\n\r\n4. Jati || S. batang berongga || IV. mempercepat pernapasan \r\n\r\nPasangan nama tumbuhan dan tujuan adap-tasi yang benar adalah ... '),
(117, 6, 'Perhatikan tabel berikut! \r\n1. 	telur \r\n2. 	nimpa \r\n3. 	larva \r\n4. 	tempayak \r\n5. 	kepompong \r\n6. 	kupu-kupu \r\n\r\nUrutan daur hidup kupu-kupu ditunjukkan nomor..'),
(118, 6, 'Tanaman cengkih dan kina bermanfaat bagi makhluk hidup di sekitarnya. Manfaat tanaman tersebut secara berurutan bagi manusia adalah ... '),
(119, 6, 'Sayuran berwarna hijau banyak mengandung zat besi yang diperlukan tubuh manusia untuk membentuk'),
(120, 6, 'Hubungan antara walang sangit dan padi membentuk simbiosis ...'),
(121, 6, 'Proses pernapasan yang terjadi ketika air masuk ke insang ikan adalah ...'),
(122, 6, 'Ciri-ciri tanah humus antara lain ... '),
(123, 6, 'Perhatikan daftar berikut! \r\n(1) Energi cahaya matahari untuk sumber energi mobil \r\n(2) Energi cahaya matahari untuk proses fotosintesis \r\n(3) Energi cahaya lampu untuk penerangan \r\n(4) Energi cahaya lampu untuk proses fotosintesis \r\n(5) Energi angin untuk menggerakan perahu layar \r\n(6) Energi angin untuk menggerakan kincir penghasil energi listrik \r\n\r\nEnergi alternatif yang benar ditunjukkan nomor ... '),
(124, 6, 'Akibat gerakan Bulan terhadap kehidupan di Bumi antara lain terjadi pasang-surut air laut. Pasangan saat terjadinya pasang tertinggi dan kegiatan manusia di Bumi yang benar adalah ... '),
(125, 6, 'Getah pohon pinus banyak digunakan untuk bahan baku pembuatan…'),
(128, 6, 'Perhatikan tabel berikut! \r\nNO. 	Sumber daya alam \r\n1. 	oksigen \r\n2. 	biogas \r\n3. 	grafit \r\n4. 	mutiara \r\n5. 	batu bara \r\n6. 	minyak bumi \r\nPengelompokan Sumber daya alam (SDA) terbarukan dan tidak terbarukan yang benar adalah ... '),
(129, 6, 'Perhatikan pernyataan berikut! \r\nk. Batang kayu untuk bahan bangunan. \r\nl. Kulit pohon untuk bahan kosmetik. \r\nm. Daun untuk kerajinan tangan. \r\nn. Kulit buah untuk bahan pembuatan alat kebersihan. \r\no. Batang kayu untuk pembuatan alat tulis. \r\np. Akar untuk bahan pengawet makanan. \r\nq. Daging buah untuk bahan makanan. \r\nManfaat dari tumbuhan kelapa ditunjukkan oleh huruf ... '),
(130, 6, 'Pada ekosistem sawah terbentuk rantai makanan sebagai berikut…'),
(131, 6, 'Berikut ini adalah dampak buruk yang diakibatkan oleh kegiatan penebangan hutan secara liar, kecuali… '),
(132, 6, 'Tanaman kaktus banyak hidup di daerah gurun yang berpasir, batang tebal, daun kecil-kecil seperti duri. Bentuk daun seperti duri ini bermanfaat untuk… '),
(133, 6, 'Akar pada wortel, selain untuk menyerap dan mencari makanan dari dalam tanah, juga berfungsi untuk… \r\n'),
(134, 6, 'Pembuluh vena atau pembuluh balik pada system peredaran darah berfungsi untuk… \r\n'),
(135, 6, 'Proses pernapasan manusia yang terjadi pada rongga hidung adalah… \r\n\r\n'),
(136, 6, 'Protein bagi tubuh manusia berfingsi untuk, kecuali… '),
(137, 6, 'Perubahan fisik perempuan pada masa pubertas ditandai dengan… '),
(138, 6, 'Cara mencegah penyakit TBC adalah dengan pemberian imunisasi… '),
(139, 6, 'Agar pakaian tidak dimakan ngengat, ibu menyimpan kapur barus dalam lemari pakaian. Ibu mengamati lama-kelamaan kapur tersebut jadi mengecil. Perubahan zat yang terjadi pada peristiwa tersebut adalah… '),
(140, 6, 'Andi kesulitan membuka tutup botol sirup dari logam. Ia kemudian memasukkan tutup botol tersebut ke dalam air panas, ternyata tutup botol mudah dibuka. Hal ini terjadi karena… '),
(141, 6, 'Pada saat memasak air di panci sampai mendidih terjadi proses pemindahan kalor pada air mendidih yang disebut… '),
(142, 6, 'Akibat terkena tendangan bola, kaca jendela menjadi pecah. Kejadian tersebut menunjukkan bahwa gaya dapat merubah… '),
(143, 6, 'Kaca spion pada kendaraan bermotor dapat membentuk bayangan benda yang ada di belakangnya. Peristiwa tersebut menunjukkan sifat cahaya dapat… '),
(144, 7, 'Hasil dari 24 x (34 - 14 ) = ….'),
(145, 7, 'Bu ayu mempunyai persediaan buku tulis 162 buku Ia membeli lagi 15 ikat buku tulis, setiap ikat berisi 18 buku tulis. Buku tersebut dibagikan kepada 27 anak panti asuhan. Jika setiap anak memperoleh buku tulis sama banyak, berapakah buku tulis yang diterima setiap anak? '),
(146, 7, 'Hasil dari (90 : 2) x (-12) =… '),
(147, 7, 'Bu Farida mempunyai tepung terigu seban-\r\nyak 6 ½ kg Tepung terigu tersebut digunakan \r\nuntuk membuat kue sebanyak 2 3/4 kg. ke \r\nmudian Bu Farida membeli lagi tepung terigu sebanyak 4 1/2 kg. berapakah kg tepung terigu yang dimiliki Bu Farida sekarang? '),
(148, 7, 'Perbandingan umur Dika dengan umur Yanto adalah 2:3 Bila jumlah umur mereka adalah 30 tahun,umur Yanto adalah …. '),
(149, 7, 'Faktor Persekutuan Terbesar (FPB) dari 72 dan 96 adalah …'),
(150, 7, 'Kelipatan persekutuan terkecil (KPK) dari 15,20, dan 60 adalah … '),
(151, 7, 'Rani les matematika setiap 3 hari sekali, Ih-san les matematika setiap 4 hari sekal, danZi-dan les matematika setiap 6 hari sekali. Bila tanggal 20 April 2013 mereka les bersama - sama, mereka akan les bersama - sama lagi pada tanggal... '),
(152, 7, 'Azka mempunyai 13 pensil dan 26 buku tulis yang akan dibagikan kepada beberapa te-mannya dengan bagian yang sama. Berapa paling banyak teman Azka yang akan mendapat pensil dan buku? '),
(153, 7, 'Hasil dari 20^2 – 10^2 adalah... '),
(154, 7, 'Sebuah kubus mempunyai volume 1.728 dm3 Berapa panjang rusuk kubus tersebut ?'),
(155, 7, 'SD Mandiri berekreasi dengan menggunakan bus wisata. Lama perjalanan pergi mereka memerlukan waktu 8 jam 50 menit dan per-jalanan pulang memerlukan waktu 9 jam 47 menit. Selisih lama waktu berangkat dan pulang adalah … '),
(156, 7, 'Pak Hadi mengisi kolam ikan dengan air selama 2,5 jam. Jika debit air yang mengalir 45 liter permenit volume air yang telah mengalir sebanyak …. '),
(157, 7, 'Hasil dari 24 – 2 × 5 + 3= … '),
(158, 7, 'Bu Badri membeli gula pasir 6 kg, beras 25 kg, dan telor 4 kg. Harga setiap 1 kg gula pasir Rp 12.600,00, beras Rp 8.200,00, dan telor Rp. 18.500,00. Bu Badri membayar dengan 4 lembar uang 100 ribuan. Bu Badri menerima uang pengembalian sebanyak … '),
(159, 7, 'Kelipatan Persekutuan Terkecil (KPK) dari 72 dan 189 dalam bentuk faktorisasi adalah … '),
(160, 7, 'Firdha, Sabrina dan Sekha kursus menari di sanggar yang sama. Firdha berlatih setiap 6 hari sekali, Sabrina berlatih setiap 8 hari sekali, dan Sheka berlatih setiap 4 hari sekali. Jika pada tanggal 9 September 2013 mereka berlatih bersama-sama lagi untuk kedua kalinya pada tanggal … '),
(161, 7, 'Ibu mengemasi 174 buah mangga, 348 buah apel, dan 435 buah jeruk ke dalam beberapa parsel. Antara parsel satu dengan parsel lainnya berisi ketiga jenis buah dengan jumlah tiap jenis sama banyak. Berapa parsel terbanya yang dapat dibuat? '),
(162, 7, 'Sebuah bak penampungan air berbentuk kubus. Setengah bak tersebut berisi air sebanyak 23.328 dm^3. Tinggi bak tersebut adalah… '),
(163, 7, 'Sinta mempunyai tiga utas tali dengan panjang 425 cm, 52,8 dm, dan 4,6 m. Ketiga tali disambung. Setiap sambungan, ujung tali berkurang 0,9 dm. Panjang tali Sinta setelah disambung adalah... '),
(164, 7, 'Perhutani memiliki tanah seluas 0,25 hektar. Tanah tersebut ditanami pohon mahoni 625 m2, pohon jati 12,25 area, dan dibuat taman 500 m2. Selebihnya dibuat tempat parkir. Luas tempat parkir adalah … '),
(165, 7, 'Jarak rumah Rina ke rumah Dewi 27 km. Rina pergi ke rumah Dewi mengendarai sepeda motor dengan kecepatan rata-rata 45 km/jam. Tiba di rumah Dewi pukul 16.23. Rina berangkat dari rumah pukul … '),
(166, 7, 'Sebuah bangun datar memiliki ciri-ciri: \r\n- Mempunyai 2 pasang sudut berhadapan sama besar \r\n- Mempunyai 2 pasang sisi sejajar sama panjang. \r\n- Memiliki diagonal yang saling berpotongan tegak lurus. \r\n- Memiliki 2 sumbu simetri \r\n\r\nBangun datar yang sesuai ciri-ciri di atas adalah … '),
(167, 7, 'Sabrina mengikuti ulang Matematika sebanyak delapan kali dengan nilai sebagai berikut: 8, 9, 8, 7, 10, 8, 10, dan 8. Nilai rata-rata ulangan Sabrina adalah … '),
(168, 7, 'Perhatikan tabel berikut! \r\nTabel nilai ulangan Matematika kelas VI SD Tunas.\r\nNilai 	| Banyak Siswa \r\n65 	| 1 \r\n70 	| 2 \r\n75 	| 2 \r\n80 	| 4 \r\n85 	| 3 \r\n90 	| 3 \r\n\r\nNilai rata-rata data tersebut adalah …'),
(169, 7, 'Data nilai latihan Ujian Sekolah mata pelajaran Matematika siswa SD “Handayani” sebagai berikut. \r\n7,50; 6,25; 8,75; 8,00; 6,75; 6,50; \r\n8,25; 6,75; 4,75; 5,00; 4,75; 7,50; \r\n5,75; 9,50; 8,50; 7,50; 9,50; 9,00; \r\n9,00; 8,50; 8,25; 8,75; 6,00; dan 9,25. \r\nSelisih nilai tertinggi dengan nilai terendah dari data tersebut adalah … '),
(170, 7, 'Data nilai ulangan Matematika siswa kelas VI sebagai berikut. \r\n66, 72, 76, 82, 92, 86, 68, 96, 82, 74, \r\n86, 88, 74, 92, 76, 96, 78, 72, 76, dan 88 \r\nMedian data di atas adalah … '),
(171, 7, 'Industri pembuatan minuman kemasan sehari memproduksi 2.050 botol. Kemasan isi 250 ml ada 220 botol, isi 300 ml ada 340 botol, isi 550 ml ada 380 botol, isi 600 ml ada 370 botol, isi 1.000 ml ada 365 botol dan selebihnya isi 2.000 ml. Modus data tersebut adalah… '),
(172, 7, 'Untuk membuat satu Loyang kue diperlukan gula sebanyak 4 ons.. Jika ibu akan membuat 5 Loyang kue, gula yang diperlukan adalah ... '),
(173, 7, 'Kecepatan Zaky bersepeda kerumah nenek 16 km per jam. Jika ia berangkat dari rumah pukul 05.30 dan tiba di rumah nenek pukul 09.45, jarak yang ditempuh Zaky adalah ... '),
(174, 7, '. Suatu bangun datar mempunyai ciri-ciri sebagai berikut : \r\n1) Keempat sisinya tidak sama panjang \r\n2) Sepasang sisi yang berhadapan sejajar \r\n3) Keempat sudutnya tidak sama besar \r\n\r\nBangun datar yang dimaksud adalah … '),
(175, 7, 'Pak Agus mempunyai akuarium berbentuk balok. Jika luas alas akuarium adalah 48 cm2 dan tinggi 7 cm, volume akuarium tersebut adalah ... '),
(176, 7, 'Perhatikan tabel berikut\r\nBanyak Lulusan	: 700 | 700 | 860 | 900 | 820  |\r\nTahun		: 2008 | 2009 | 2010 | 2011 |  2012 |\r\nBanyak lulusan SD Suka Maju pada tahun 2011 ada … '),
(177, 7, 'Tabel di bawah ini menunjukan banyak siswa SD Harapan Tahun 2012\r\nBanyak Siswa	: 55 | 40 | 60 | 25 | 20 | 35|\r\nKelas		: I | II | III | IV | V | VI |\r\nSelisih banyak siswa kelas I dan IV adalah ... '),
(178, 7, 'Sebuah bak penampungan air mempunyai volume 2.625 liter. Mula-mula bak berisi 1.350 liter. Bak tersebut diisi air sampai penuh melalui sebuah kran selama satu seperempat jam. Debit air kran adalah… '),
(179, 7, 'Berat badan ( dalam kg) dari 9 orang siswa kelas VI adalah 36,37,30,36,33,31,35,33, dan 35. Rata - rata berat badan mereka adalah ... '),
(180, 7, 'Tabel berikut adalah data hasil ulangan IPA siswa kelas VI. \r\nBanyak Siswa : 4 |6 | 4 | 3 | 1 \r\nNilai : 	6 | 7 | 8 | 9 | 10 \r\n\r\nRata - rata hasil ulangan IPA tersebut adalah... '),
(181, 7, 'Berikut ini data berat badan ( dalam kg ) dari 13 siswa kelas VI. \r\n25, 35, 28, 30, 30, 28, 32, 32, 25, 35, 35, 36, dan 37. Median data di atas adalah... '),
(182, 7, 'Hasil penimbangan berat badan dari 20 orang siswa kelas VI dalam kg adalah \r\n26, 26, 28, 30, 32, 31, 28, 30, 28, 26, 28, 30, 28, 31, 26, 30, 32, 26, 31, dan 28 \r\nModus dari data berat badan siswa kelas VI tersebut adalah … '),
(183, 7, '. Hasil psikotes 15 anak diperoleh nilai sebagai berikut \r\n435, 435, 345, 355, 514 \r\n364, 453, 455, 541, 554 \r\n543, 545, 445, 465, 534 \r\nSelisih nilai tertinggi dan terendah dari data di atas adalah '),
(184, 8, 'Hewan kalajengking memiliki ciri khusus berupa sengat berbisa. Ciri khusus tersebut berfungsi untuk ....'),
(185, 8, 'Suatu kelompok hewan terdiri dari harimau, sapi, kambing, dan kelinci. Pengelompokkan hewan-hewan tersebut berdasarkan....'),
(186, 8, 'Pernyataan berikut ini yang bukan termasuk manfaat hewan  bagi kehidupan manusia adalah….'),
(187, 8, 'Bunga Bangkai (Raflesia  Arnoldi) merupakan bunga terbesar di  dunia, keberadaan tumbuhan   ini  semakin sulit ditemui karena habitatnya rusak. Upaya pelestarian yang dilakukan para pecinta flora bertujuan agar  ....'),
(188, 8, 'Dalam daur hidupnya katak mengalami metamorfosis sempurna. Metamorfosis pada katak yang benar adalah ….'),
(189, 8, 'Tali Putri merupakan tanaman yang tidak memiliki klorofil sehingga tidak dapat berfotosintesis. Untuk kelangsungan hidupnya ia mengambil sari-sari makanan yang sudah di kelola  atau difotosintesis sang  inang. Hubungan dua tanaman ini disebut  simbiosis ….'),
(190, 8, 'Contoh rantai makanan yang terjadi di ekosistem sawah adalah. …'),
(191, 8, 'Mendirikan rumah-rumah di bantaran sungai dapat berdampak buruk terhadap lingkungan yaitu '),
(192, 8, 'Beberapa  hewan  pemakan  rumput  seperti  banteng,  kerbau  dan  sapi  memiliki  tanduk  di  kepalanya. Tanduk tersebut berguna untuk. …'),
(193, 8, 'Struktur akar terdiri dari inti akar, rambut akar dan tudung akar yang masing-masing memiliki fungsi tertentu. Fungsi rambut akar adalah ….'),
(194, 8, 'Perhatikan fungsi zat makanan di bawah ini !\r\nMembangun sel-sel jaringan tubuh manusia\r\nMengatur metabolism tubuh\r\nMengganti sel-sel tubuh yang rusak atau aus\r\nPenghasil asam lemak yang esensial\r\nPernyataan di atas yang merupakan fungsi protein bagi kesehatan tubuh manusia adalah .\r\n'),
(195, 8, 'Mimpi basah merupakan salah satu ciri perubahan fisik yang dialami remaja putra pada masa pubertas. Hal ini menandakan ...'),
(196, 8, 'Pencegahan penyakit maag dapat dilakukan dengan cara . …'),
(197, 8, 'Ketika Wanda  sedang membuat es jus dari buah alpukat, tiba - tiba muncul titik - titik air yang muncul di luar gelas. Titik-titik air yang muncul di luar gelas tersebut terjadi karena proses ….'),
(198, 8, 'Ban kendaraan bermotor menggunakan bahan karet karena karet memiliki sifat ....'),
(199, 8, 'Kabel telepon pada waktu malam hari terlihat tegang, hal ini karena kabel....'),
(200, 8, 'Konduksi adalah perpindahan panas melalaui zat perantara tetapi zat perantaranya tidak ikut pindah. Perpindahan panas semacam ini contohnya ….'),
(201, 8, 'Pada hari minggu kemarin Indah mencoba membuat kue. Untuk memasak kue tersebut Indah menggunakan kompor gas. Perubahan bentuk energi yang terjadi pada penggunaan kompor gas adalah ….'),
(202, 8, 'Sumber energi alternatif yang berasal dari kotoran hewan adalah ....'),
(203, 8, 'Tembaga adalah salah satu sumber daya alam di Indonesia yang banyak dimanfaatkan sebagai bahan baku....'),
(204, 8, 'Untuk memenuhi kebutuhan pangan yang semakin meningkat, masyarakat membuka lahan pertanian baru di perbukitan. Kegiatan tersebut mengakibatkan perubahan permukaan bumi yaitu tanah yang tadinya miring menjadi lahan berundak-undak. Kegiatan yang dimaksud adalah....'),
(205, 8, 'Kelompok sumber daya alam yang tidak dapat diperbarui adalah ….'),
(206, 8, 'Planet dalam tata surya yang sering disebut sebagai bintang Joko Belek adalah planet ....'),
(207, 8, 'Revolusi bumi terhadap matahari mengakibatkan peristiwa. …'),
(208, 8, 'Jenis penanggalan yang menggunakan dasar peredaran bumi mengelilingi matahari adalah ...'),
(209, 8, 'Ciri khusus yang dimiliki oleh angsa adalah memiliki kaki yang berselaput. Selaput pada kaki angsa tersebut berfungsi ...'),
(210, 8, 'Membunuh ular sawah adalah perbuatan yang tidak bijaksana, sebab ular sawah bermanfaat bagi petani untuk....'),
(211, 8, 'Pemerintah membangun suaka margasatwa dengan tujuan  . . .'),
(212, 8, 'Perubahan fisik yang dialami oleh anak laki – laki pada masa pubertas antara lain ialah . . . . '),
(213, 8, 'Hewan yang daur hidupnya mengalami metamorfosis tidak sempurna adalah capung, karena dalam daur hidupnya capung tidak mengalami fase . . . .'),
(214, 8, ' Di bawah ini yang bukan merupakan contoh simbiosis komensalisme adalah . . .'),
(215, 8, 'Fitoplankton ? …………………. ?   ikan kecil ? ikan besar\r\nNama makhluk hidup   yang tepat untuk melengkapi rantai makanan pada ekosistem laut di atas,\r\nadalah…\r\n'),
(216, 8, 'Salah satu kegiatan manusia yang mempengaruhi keseimbangan ekosistem di hutan adalah illegallogging .  Dampak yang ditimbulkan dari kegiatan tersebut antara lain adalah  …'),
(217, 8, 'Kaktus adalah tumbuhan yang hidup di lingkungan panas dan kering, oleh sebab itu tumbuhan kaktus beradaptasi dengan lingkungannya dengan cara memiliki daun berbentuk seperti duri. Hal ini bertujuan untuk ...'),
(218, 8, 'Akar gantung pada pohon beringin berguna untuk . . .'),
(219, 8, 'Anak – anak dianjurkan minum susu dua kali sehari.  Hal ini karena susu mengandung banyak fluor yang berfungsi untuk …'),
(220, 8, 'Orang yang sering merasa lelah dan mata berkunang – kunang, terindikasi menderita penyakit anemia.Hal ini dapat dicegah dengan mengkonsumsi makanan yang banyak mengandung …'),
(221, 8, 'Bu Ita menggantungkan  kamper  di dalam  lemari dengan tujuan agar pakaian di dalam lemari tetap harum dan tidak dimakan kutu. Tetapi lama – lama kamper tersebut habis. Dalam hal ini terjadi proses perubahan wujud zat yaitu …'),
(222, 8, 'Peralatan  dapur  seperti  panci,  wajan  dan  oven  biasanya  terbuat  dari  bahan  alumunium,  Karena alumunium memiliki sifat …'),
(223, 8, 'Ade memarkir sepedanya di tempat yang terkena langsung sinar matahari. Tiba – tiba ban sepedanya meletus. Peristiwa tersebut diakibatkan oleh …'),
(224, 9, 'Siapa yang tidak rnengenal wortel? Sayur yang berwarna oranye dan memiliki bentuk panjang ini banyak diminati orang. Wortel biasa digunakan sebagai bahan campuran untuk membuat makanan dan minuman, seperti sup dan jus. Akan tetapi, tidak banyak orang yang tau wortel ternyata memiliki banyak manfat bagi kesehatan. \r\nManfaat wortel di antaranya untuk mencegah kanker, mencegah rabun senja, menurunkan koresterol darah, dan memperbaiki penglihatan. \r\nWortel mengandung vitamin A yang tinggi, yang sangat dibutuhkan untuk kesehatan mata. Selain mengandung vitamin A, wortel juga paling banyak mengandung beta karoten dibanding dengan sayuran lain. Kandungan beta karoten yang tinggi dapat membantu mencegah timbulnya kanker. \r\nJadi, seseorang yang ingin mengkonsumsi wortel sangatlah mudah. Wortel dapat dimakan mentah, dimasak, atau dapat dicampur dalam berbagai variasi makanan. Selain itu, wortel juga dapat dokonsumsi dengan cara dibuat jus. \r\n\r\nZat apa yang terkandung dalam wortel? '),
(225, 9, 'Bagaimana cara mengkonsumsi wortel? (Baca wacana tentang wortel)'),
(226, 9, 'Kalimat tanya yang sesuai dengan paragraf kedua adalah ... (Baca wacana tentang wotel)'),
(227, 9, 'Ide pokok paragraph keempat adalah ... (Baca wacana tentang wortel)'),
(228, 9, 'Kalimat yang sesuai dengan isi paragraph ketiga adalah... '),
(229, 9, 'Aturan pemakaian obat: \r\nUsia 1-6 th, 1/4 tablet \r\nUsia 7-10 th, 1/2 tablet \r\nUsia 11-15 th, 1 tablet \r\nDosis yang tepat untuk anak usia 12 tahun adalah '),
(230, 9, 'Perhatikan petunjuk penggunaan produk berikut: \r\n(1) Pilih menu yang diinginkan. \r\n(2) Tulis pesan yang akan disampaikan \r\n(3) Tekan tombol OK untuk mengirim pesan \r\n(4) Buka tombol kunci \r\n(5) Cari mana atau nomor tujuan \r\n\r\n \r\nUrutan yang tepat cara penggunaan HP un-tuk mengirim pesan adalah... \r\n'),
(231, 9, 'Bacalah rubik surat pembaca berikut! \r\nHatiku cerah bila tidak ada sampah \r\nApa jadinya jika masyarakat tidak memper-hatikan pameo itu. Pencemaran sudah mem-bahayakan sungai. Beberapa warga mem-buang sampah disungai. Ada pula pabrik yang tidak membuat IPAL (Instalasi Pengo-lahan Air Limbah) dan langsung mengalirkan limbah pabrik itu kesungai. Airnya menjadi kotor. Ikan-ikan akan segera mati. \r\nKalimat surat yang tepat sesuai rubik berikut adalah ... '),
(232, 9, 'Carmati teks pengumuman berikut! \r\nPengumuman \r\nTelah hilang sebuah dompet warna merah atas nama Alamsyah yang beralamat di jalan Angkasa No. 14 Kemayoran Jakarta Pusat. Siapa saja yang menemukan dompet terse-but, harap segera mengembalikan ke alamat saya dan akan saya beri imbalan sepantasnya. \r\nIsi pengumuman tersebut adalah ... '),
(233, 9, 'Santi dan Yusi Pulang Sekolah Bersama \r\nSanti : “Yus, sejak kemarin ke mana Wida tidak kelihatan?” \r\nYusi : “Aku lihat tadi ada surat dimeja guru” \r\nSanti : “Apa mungkin ia sakit?, Bagaimana kalau kita mampir ke rumahnya, yuk?’ \r\n(Santi dan Yusi menuju rumah wida) \r\nSanti : “Assalamualaikum” (Santi dan Yusi mengetuk rumah Wida) \r\nIbu Wida : (Sambil membuka pintu) \r\nWa’alaikum salam, eh, Santi dan Yusi bagaimana kabarmu nak?” \r\nYusi : “Baik Bu!” \r\nSanti : “Bu, kenapa sudah dua hari Wida tidak masuk sekolah?” \r\nIbu Wida : “Sakit panas, Nak! Mari Ibu antar ke kamarnya, ia sekarang sedang tidur.” \r\nSanti : “(Santi dan Yusi berpamitan pulang) Tidak usah Bu, biarkan Wida istirahat saja, biar cepat sembuh, kami mau pulang saja.” \r\nTokoh utama dari drama tersebut adalah ... '),
(234, 9, 'Latar waktu drama tersebut adalah ... (Baca percakapan tentang santi dan yusi menjenguk teman)'),
(235, 9, 'Amanat yang terkandung dalam drama tersebut adalah ...  (Baca percakapan tentang santi dan yusi menjenguk teman)'),
(236, 9, 'Bacalah paragraph berikut! \r\nPekerjaan sebagai penerjemah emerlukan kepandaian berbahasa. Oleh karena itu, Kak Iwan kuliah di jurusan Bahasa Inggris. Selain it, Kak Iwan juga belajar berbahasa Belanda dan prancis. Dia juga menguasai bahasa Cirebon sebagai salah satu bahasa di Jawa Barat \r\nKalimat utama pada paragraf tersebut adalah ... \r\n'),
(237, 9, 'Perhatikan percakapan berikut ini! \r\nThorik: “Halo, bias bicara dengan Isam?” \r\nIsam : “Ini Isam, ini dengan siapa?” \r\nThorik: “Saya Thorik, Sam.” \r\nIsam : “Ada apa ya, Thorik?” \r\nThorik: “Kamu sudah tahu ujian pidato Bahasa Indonesia.” \r\nIsam : “Belum, kapan itu?” \r\nThorik: “Besok pelaksanaannya kan, Sam?” \r\nIsam : “Oh gitu, terima kasih, Thor.” \r\nThorik: “Sama-sama” \r\nKesimpulan percakapan tersebut adalah ... \r\n'),
(238, 9, 'Warga Desa Karyamukti sedang melakukan kerja bakti. Mereka gotong-royong membersihkan lingkungan sekitar. Rumput-rumput yang sudah tinggi dipotongi, sampah-sampah dikumpulkan kemudia dibakar. Warga nampak bersemangat sekali. Menurut warga lingkungan harus dijaga kebersihannya karena lingkungan yang sehat adalah lingkungan yang bersih. \r\nPernyataan yang sesuai dengan isi paragraf adalah... \r\n'),
(239, 9, 'Arti kata gotong-royong pada paragraf tersebut adalah … (Baca wacana tentang warga desa Karyamukti mengadakan gotong royong)'),
(240, 9, 'Antonim kata bersemangat pada paragraph tersebut adalah... (Baca wacana tentang warga desa Karyamukti mengadakan gotong royong)'),
(241, 9, 'Bacalah ilustrasi berikut! \r\nKetika Pak Guru masuk ke dalam kelas, beliau langsung marah karena salah satu meja di kelas itu penuh dengan coretan. Yang berbuat hanya Ucok tetap seluruh siswa dimarahi. \r\nPribahasa yang sesuai dengan ilustrasi tersebut adalah ... '),
(242, 9, 'Bacalah ilustrasi berikut! \r\nKarena terjadi perbedaan pendapat, dua kelompok pemuda itu berbantah-bantah tidak ada ujung pangkalnya. \r\nUngkapan yang sesuai dengan ilustrasi tersebut adalah ... '),
(243, 9, 'Cermatilah pantun berikut! \r\nPetani bekerja di sawah luas \r\nSawah dibajak tanahpun subur \r\nJangan cepat merasa puas \r\nTetap belajar agar negeri makmur \r\nPesan yang terkndung pantun tersebut adalah ... '),
(244, 9, 'Bacalah teks berikut ini! \r\nTeks 1 \r\nSekarang ini banyak terjadi penebangan hutan secara liar. Penebangan hutan secara liar akan mengakibatkan cadangan debit air berkurang, persediaan oksigen menurut, dan rawan terjadi banjir. Padahal hutan dibu-tuhkan sebagai jantung kehidupan manusia sehingga kita wajib melestarikannya. \r\nTeks 2 \r\nLaut merupakan salah satu objek wisata yang sangat indah. Keindahan laut terdapat pada keanekaragaman ikan dan terumbu karang yang ada di dasar laut. Terumbu karang yang ada di dasar laut kini terancam punah karena ulah manusia yang mengambil dan merusak terumbu karang tanpa tanggung jawab. \r\nPersamaan kedua teks tersebut adalah ... \r\n'),
(245, 9, 'Cermatilah puisi berikut! \r\nAku \r\nTiada henti \r\nAku berbakti \r\nPerintah ayah tidak terbantah \r\nNasihat ibu dirindu \r\nMaksud yang terkandung dalam puisi adalah ... '),
(246, 9, 'Bacalah dengan cermat cuplikan cerita anak berikut! \r\nRidwan adalah anak seorang pengusaha yang kaya raya. Dia juga seorang anak yang terpan-dai di kelasnya. Ridwan disukai teman-temannya karena dia tidak membeda-bedakan dalam berteman. Dia memanfaatkan kekayaan orang tuanya untuk membantu te-man yang mengalami kekurangan. Orang tua Ridwan sangat sejutu dengan niat mulia anaknya itu. \r\nSimpulan cerita itu yang paling tepat adalah ... ');
INSERT INTO `tb_soal` (`id_soal`, `id_paket`, `soal`) VALUES
(247, 9, 'Cermatilah teks laporan berikut ! \r\nLaporan Kegiatan \r\nObjek : Pertandingan Sepak Bola Antar-SD \r\nHari/Tanggal: Minggu/14 April 2013 \r\nWaktu : Pukul 14.00 WIB \r\nTempat : Lapangan Sepak Bola Kujangsari \r\nHasil : 1. Pertandingan diikuti 26 kesebelasan \r\n2. Pertandingan sepak bola menghasilkan juara-juara yaitu: \r\na. Juara I SDN Sekar Arum \r\nb. Juara II SDN 5 Kujangsari \r\nc. Juara III SDN 3 Sinartanjung \r\n\r\nIsi laporan tersebut adalah ... '),
(248, 9, 'Pertandingan sepak bola menghasilkan para juara-juara. Struktur yang benar untuk kalimat tersebut adalah ... '),
(249, 9, 'Perhatikan teks percakapan berikut! \r\nRia : “Tin, jangan suka menuduh sembarangan!” \r\nTina: “Tapi aku melihat sendiri Susi mengambil uang dari tas Arum waktu istirahat tadi.” \r\nRia : “Iya, tadi memang Arum yang menyuruh Susi mengambil uangnya, jadi Susi tidak mencuri. Betulkan arum?” \r\nArum: “Iya, betul!” \r\nTopik percakapan tersebut adalah ... '),
(250, 9, 'Aturan pemakaian obat: \r\nUsia 1-6 th, 1/4 tablet \r\nUsia 7-10 th, 1/2 tablet \r\nUsia 11-15 th, 1 tablet \r\nDosis yang tepat untuk anak usia 7 tahun adalah '),
(251, 9, 'Burung cendrawasih adalah burung yang sangat elok. Jika diibaratkan pada manusia untuk anak perempuan biasanya suka berdan-dan. Akan tetapi, pada cendrawasih yang jan-tan lebih gemar bersolek, lincah, dan gemar menari. Itulah keunikan burung cendrawasih yang harus kita ketahui. \r\nRangkaian yang tepat dari paragraf tersebut adalah ... \r\n'),
(252, 9, 'Tema yang tepat sesuai isi paragraf tersebut adalah ... (Baca wacana tentang cendrawasih)'),
(253, 9, 'Pesan yang terkndung dalam paragraf tersebut adalah ... (Baca wacana tentang burung cendrawasih)'),
(254, 9, 'Mawar \r\nWarnamu indah sedap dipandang \r\nBaumu harum sedap dicium \r\nEngkau disenangi banyak orang \r\nWalau engkau berduri orang tidak peduli \r\nPernyataan yang sesuai dengan isi puisi terse-but adalah ... '),
(255, 9, 'Makna kata dipandang pada puisi tersebut adalah ... (Baca puisi tentang Mawar)'),
(256, 9, 'Cermatilah urutan kalimat berikut! \r\n(1) Panaskan wajan danmasukkan minyak gorang \r\n(2) Kupas kentang lalu iris sesuai selera \r\n(3) Goreng kentang dengan minyak yang sudah dipanaskan \r\n(4) Kentang goring yang lezat siap disajikan \r\n(5) Taburi bumbu ke dalam kentang yang sudah digoreng sesuai selera lalu aduk rata \r\n\r\nUrutan yang tepat membuat kentang goreng adalah ... \r\n'),
(257, 9, 'Aturan pemakaian obat: \r\nUsia 1-6 th, 1/4 tablet \r\nUsia 7-10 th, 1/2 tablet \r\nUsia 11-15 th, 1 tablet \r\nDosis yang tepat untuk anak usia 9 tahun adalah \r\n'),
(258, 9, '. Cermatilah urutan kalimat berikut! \r\n(1) Airnya pekat tampak kecoklat-coklatan \r\n(2) Anpir semua orang yang mendekati saluran itu menutup hidung \r\n(3) Saluran air di kam-pungku sangat kotor \r\n(4) Dari kepekatan air itu tercium bau yang sangat menyengat \r\n\r\nUrutan kalimat yang tepat sehingga menjadi paragraph yang padu adalah ... '),
(259, 9, 'Bacalah kalimat berikut! \r\nPaman pergi ke dokter \r\nPaman sakit demam berdarah \r\nPenghubung yang tepat kedua kalimat terse-but adalah ... \r\n'),
(260, 9, 'Perhatikan kalimat berikut! \r\nMita berangkat ke sekolah mamakai payung… \r\nLangit mendung \r\nKata penghubung yang tepat untuk melengkapi kalimat rumpang tersebut adalah ... \r\n'),
(261, 9, 'Bacalah surat undangan berikut! \r\nYogyakarta, 1 Januari 2013 \r\nYth. Wali Siawa Kelas VI \r\nSD Tanah Mulia \r\nDengan Hormat, \r\nBerhubung dengan kegiatan ujian akhir kelas VI sudah dekat, kami mengundang Bapak/Ibu untuk menghadiri rapat pada \r\nHari/tanggal : Sabtu, 9-2-2013 \r\nPukul : 09.00 s.d 11.00 \r\nTempat : Aula SD Tanah Mulia \r\n[….] \r\nAtas perhatian Bapak/Ibu, kami mengu-capkan terima kasih. \r\nKepala sekolah, \r\nDrs. Purwoko \r\nKalimat efektif untuk melengkapi undangan tersebut adalah ... '),
(262, 9, 'Perhatikan kalimat surat berikut! \r\nHalo, apa kabar, Dis? \r\nMinggu nanti aku akan mengadakan acara syukuran kelulusanku, aku harap kamu bias datang pada acara tersebut, ya (….) \r\nTanda banca yang tepat untuk akhir isi surat tersebut adalah ... \r\n'),
(263, 9, 'Bacalah teks dialog berikut! \r\nYanto. : “Dar, besok bias latihan renang?” \r\nDarsono: “Bisa, jam berapa?” \r\nYanto. : “Sepulang sekolah ya, kira-kira jam satu.” \r\nDarsono: “Berangkatnya bagaimana? Sepedaku rusak!” \r\nKalimat baca yang tepat untuk akhir isi surat tersebut adalah ... \r\n'),
(264, 10, 'coba');

-- --------------------------------------------------------

--
-- Table structure for table `user`
--

CREATE TABLE IF NOT EXISTS `user` (
  `id` int(2) NOT NULL AUTO_INCREMENT,
  `username` varchar(20) DEFAULT NULL,
  `password` char(32) DEFAULT NULL,
  `level` enum('user','admin') DEFAULT NULL,
  `aktif` enum('0','1') DEFAULT NULL,
  PRIMARY KEY (`id`),
  UNIQUE KEY `username` (`username`)
) ENGINE=InnoDB AUTO_INCREMENT=15 DEFAULT CHARSET=latin1;

--
-- Dumping data for table `user`
--

INSERT INTO `user` (`id`, `username`, `password`, `level`, `aktif`) VALUES
(1, 'admin', '21232f297a57a5a743894a0e4a801fc3', 'admin', '1'),
(2, 'user', 'ee11cbb19052e40b07aac0ca060c23ee', 'user', '1'),
(10, 'user1', '24c9e15e52afc47c225b757e7bee1f9d', 'user', '1'),
(11, 'user2', '7e58d63b60197ceb55a1c487989a3720', 'user', '1'),
(12, 'jim', '5e027396789a18c37aeda616e3d7991b', 'user', '1'),
(13, 'usr', '6231b1041d2cbac407b21d15ea86f3e3', 'user', '1'),
(14, 'coba', 'c3ec0f7b054e729c5a716c8125839829', 'user', '1');

/*!40101 SET CHARACTER_SET_CLIENT=@OLD_CHARACTER_SET_CLIENT */;
/*!40101 SET CHARACTER_SET_RESULTS=@OLD_CHARACTER_SET_RESULTS */;
/*!40101 SET COLLATION_CONNECTION=@OLD_COLLATION_CONNECTION */;
